Source:,C:\Users\Gerald\Desktop\Group 26 Humidity & Temperature Sensor.kicad_sch,,,,,
Date:,11/3/2022 16:29,,,,,
Tool:,Eeschema (6.0.2),,,,,
Generator:,C:\Program Files\KiCad\6.0\bin\scripting\plugins/bom_csv_grouped_by_value.py,,,,,
Component Count:,28,,,,,
,,,,,,
Individual Components:,,,,,,
,,,,,,
Item,Qty,Reference(s),Value,LibPart,Footprint,Datasheet
,,C1,100nF,Device:C,Capacitor_SMD:CP_Elec_3x5.3,https://jlcpcb.com/parts/componentSearch?isSecondLevel=true&name=Multilayer%20Ceramic%20Capacitors%20Mlcc%20-%20Leaded%20&firstName=Capacitors
,,C2,10uF,Device:C,Capacitor_SMD:CP_Elec_3x5.3,https://jlcpcb.com/parts/componentSearch?isSearch=true&searchTxt=10uF%20capacitors
,,C6,100nF,Device:C_Polarized_US,Capacitor_SMD:CP_Elec_3x5.3,https://jlcpcb.com/parts/componentSearch?isSecondLevel=true&name=Multilayer%20Ceramic%20Capacitors%20Mlcc%20-%20Leaded%20&firstName=Capacitors
,,C7,100nF,Device:C_Polarized_US,Capacitor_SMD:CP_Elec_3x5.3,https://jlcpcb.com/parts/componentSearch?isSecondLevel=true&name=Multilayer%20Ceramic%20Capacitors%20Mlcc%20-%20Leaded%20&firstName=Capacitors
,,D1,LED,Device:LED,LED_SMD:LED-APA102-2020,https://jlcpcb.com/parts/componentSearch?isSearch=true&searchTxt=Red%20LED
,,D2,LED,Device:LED,LED_SMD:LED-APA102-2020,https://jlcpcb.com/parts/componentSearch?isSearch=true&searchTxt=Red%20LED
,,D3,LED,Device:LED,LED_SMD:LED-APA102-2020,https://jlcpcb.com/parts/componentSearch?isSearch=true&searchTxt=Red%20LED
,,D4,LED,Device:LED,LED_SMD:LED-APA102-2020,https://jlcpcb.com/parts/componentSearch?isSearch=true&searchTxt=Red%20LED
,,D5,LED,Device:LED,LED_SMD:LED-APA102-2020,https://jlcpcb.com/parts/componentSearch?isSearch=true&searchTxt=Red%20LED
,,H1,MountingHole,Mechanical:MountingHole,lib:MountingHole_2.7mm_M2.5_uHAT_RPi,https://jlcpcb.com/parts/componentSearch?isSearch=true&searchTxt=Mounting%20hole
,,H2,MountingHole,Mechanical:MountingHole,lib:MountingHole_2.7mm_M2.5_uHAT_RPi,https://jlcpcb.com/parts/componentSearch?isSearch=true&searchTxt=Mounting%20hole
,,H3,MountingHole,Mechanical:MountingHole,lib:MountingHole_2.7mm_M2.5_uHAT_RPi,https://jlcpcb.com/parts/componentSearch?isSearch=true&searchTxt=Mounting%20hole
,,H4,MountingHole,Mechanical:MountingHole,lib:MountingHole_2.7mm_M2.5_uHAT_RPi,https://jlcpcb.com/parts/componentSearch?isSearch=true&searchTxt=Mounting%20hole
,,J1,GPIO_CONNECTOR,Connector_Generic:Conn_02x20_Odd_Even,lib:PinSocket_2x20_P2.54mm_Vertical_Centered_Anchor,
,,R1,400,Device:R,Resistor_SMD:R_0201_0603Metric,https://jlcpcb.com/parts/componentSearch?isSearch=true&searchTxt=400%20ohm%20resistor
,,R2,3.3K,Device:R,Resistor_SMD:R_0201_0603Metric,https://jlcpcb.com/parts/componentSearch?isSearch=true&searchTxt=3.3%20kiloohm%20resistor
,,R3,6.8 k,Device:R,Resistor_SMD:R_0201_0603Metric,https://jlcpcb.com/parts/componentSearch?isSearch=true&searchTxt=6.8k%20resistor
,,R4,1K,Device:R,Resistor_SMD:R_0201_0603Metric,https://jlcpcb.com/parts/componentSearch?isSearch=true&searchTxt=1k%20resistor
,,R5,1K,Device:R,Resistor_SMD:R_0201_0603Metric,https://jlcpcb.com/parts/componentSearch?isSearch=true&searchTxt=1k%20resistor
,,R6,1K,Device:R,Resistor_SMD:R_0201_0603Metric,https://jlcpcb.com/parts/componentSearch?isSearch=true&searchTxt=1k%20resistor
,,R7,100,Device:R,Resistor_SMD:R_0201_0603Metric,https://jlcpcb.com/parts/componentSearch?isSearch=true&searchTxt=100%20ohm%20resistor
,,RPROG1,1.2K,Device:R,Resistor_SMD:R_0201_0603Metric,https://jlcpcb.com/parts/componentSearch?isSearch=true&searchTxt=1.2k%20resistor
,,U1,TP4056 Fake,Battery_Managementa:TP4056 Fake,Package_SO:HVSSOP-10-1EP_3x3mm_P0.5mm_EP1.57x1.88mm_ThermalVias,https://jlcpcb.com/parts/componentSearch?isSearch=true&searchTxt=TP4056
,,U2,DHT11,Sensor:DHT11,Sensor:Aosong_DHT11_5.5x12.0_P2.54mm,https://jlcpcb.com/parts/componentSearch?isSearch=true&searchTxt=DHT11
,,U3,LM35-LP,Sensor_Temperature:LM35-LP,Sensor_Current:AKM_CQ_7,https://jlcpcb.com/parts/componentSearch?isSearch=true&searchTxt=Temperature%20sensor
,,U4,M24C01-FDW,Memory_EEPROM:M24C01-FDW,Package_SO:TSSOP-8_4.4x3mm_P0.65mm,https://jlcpcb.com/parts/componentSearch?isSearch=true&searchTxt=EEPROM%20IC
,,U5,AP9101CK6,Battery_Management:AP9101CK6,Package_TO_SOT_SMD:SOT-23-6,https://jlcpcb.com/parts/componentSearch?isSearch=true&searchTxt=AP9101CK6
,,U6,FS8205,Battery_Management:FS8205,Transistor_Power_Module:Littelfuse_Package_H_XBN2MM,https://jlcpcb.com/parts/componentSearch?isSearch=true&searchTxt=FS8205
,,,,,,
,,,,,,
,,,,,,
Collated Components:,,,,,,
,,,,,,
Item,Qty,Reference(s),Value,LibPart,Footprint,Datasheet
1,1,C1,100nF,Device:C,Capacitor_SMD:CP_Elec_3x5.3,~
2,1,C2,10uF,Device:C,Capacitor_SMD:CP_Elec_3x5.3,~
3,2,"C6, C7",100nF,Device:C_Polarized_US,Capacitor_SMD:CP_Elec_3x5.3,~
4,5,"D1, D2, D3, D4, D5",LED,Device:LED,LED_SMD:LED-APA102-2020,~
5,4,"H1, H2, H3, H4",MountingHole,Mechanical:MountingHole,lib:MountingHole_2.7mm_M2.5_uHAT_RPi,~
6,1,J1,GPIO_CONNECTOR,Connector_Generic:Conn_02x20_Odd_Even,lib:PinSocket_2x20_P2.54mm_Vertical_Centered_Anchor,~
7,1,R1,400,Device:R,Resistor_SMD:R_0201_0603Metric,~
8,1,R2,3.3K,Device:R,Resistor_SMD:R_0201_0603Metric,~
9,1,R3,6.8 k,Device:R,Resistor_SMD:R_0201_0603Metric,~
10,3,"R4, R5, R6",1K,Device:R,Resistor_SMD:R_0201_0603Metric,~
11,1,R7,100,Device:R,Resistor_SMD:R_0201_0603Metric,~
12,1,RPROG1,1.2K,Device:R,Resistor_SMD:R_0201_0603Metric,~
13,1,U1,TP4056 Fake,Battery_Managementa:TP4056 Fake,Package_SO:HVSSOP-10-1EP_3x3mm_P0.5mm_EP1.57x1.88mm_ThermalVias,http://www.ti.com/lit/ds/symlink/bq24090.pdf
14,1,U2,DHT11,Sensor:DHT11,Sensor:Aosong_DHT11_5.5x12.0_P2.54mm,http://akizukidenshi.com/download/ds/aosong/DHT11.pdf
15,1,U3,LM35-LP,Sensor_Temperature:LM35-LP,Sensor_Current:AKM_CQ_7,http://www.ti.com/lit/ds/symlink/lm35.pdf
16,1,U4,M24C01-FDW,Memory_EEPROM:M24C01-FDW,Package_SO:TSSOP-8_4.4x3mm_P0.65mm,http://www.st.com/content/ccc/resource/technical/document/datasheet/b0/d8/50/40/5a/85/49/6f/DM00071904.pdf/files/DM00071904.pdf/jcr:content/translations/en.DM00071904.pdf
17,1,U5,AP9101CK6,Battery_Management:AP9101CK6,Package_TO_SOT_SMD:SOT-23-6,https://www.diodes.com/assets/Datasheets/AP9101C.pdf
18,1,U6,FS8205,Battery_Management:FS8205,Transistor_Power_Module:Littelfuse_Package_H_XBN2MM,
