<?xml version="1.0" encoding="UTF-8"?>
<export version="E">
  <design>
    <source>/home/nyemwero/Desktop/kicad/main/main.kicad_sch</source>
    <date>Thu 17 Mar 2022 23:07:34</date>
    <tool>Eeschema 6.0.2-378541a8eb~116~ubuntu21.10.1</tool>
    <sheet number="1" name="/" tstamps="/">
      <title_block>
        <title>EEE3088F Template</title>
        <company>University of Cape Town</company>
        <rev>V0.0</rev>
        <date>2022-02-21</date>
        <source>main.kicad_sch</source>
        <comment number="1" value=""/>
        <comment number="2" value=""/>
        <comment number="3" value="@Checked By: "/>
        <comment number="4" value="@Authors: Justin Pead"/>
        <comment number="5" value=""/>
        <comment number="6" value=""/>
        <comment number="7" value=""/>
        <comment number="8" value=""/>
        <comment number="9" value=""/>
      </title_block>
    </sheet>
    <sheet number="2" name="/Charging CCT/" tstamps="/17366ab8-c2a9-45a8-be32-c027bdb3c6e5/">
      <title_block>
        <title>Power CCT</title>
        <company/>
        <rev>V1</rev>
        <date/>
        <source>chargingcircuit.kicad_sch</source>
        <comment number="1" value=""/>
        <comment number="2" value=""/>
        <comment number="3" value=""/>
        <comment number="4" value=""/>
        <comment number="5" value=""/>
        <comment number="6" value=""/>
        <comment number="7" value=""/>
        <comment number="8" value=""/>
        <comment number="9" value=""/>
      </title_block>
    </sheet>
    <sheet number="3" name="/microcontroller_interfacing/" tstamps="/59b42903-2dc7-4011-ab5b-d7b81bd233c3/">
      <title_block>
        <title/>
        <company/>
        <rev/>
        <date/>
        <source>microcontroller_interfacing.kicad_sch</source>
        <comment number="1" value=""/>
        <comment number="2" value=""/>
        <comment number="3" value=""/>
        <comment number="4" value=""/>
        <comment number="5" value=""/>
        <comment number="6" value=""/>
        <comment number="7" value=""/>
        <comment number="8" value=""/>
        <comment number="9" value=""/>
      </title_block>
    </sheet>
    <sheet number="4" name="/Humidity_sensor/" tstamps="/07cd1dfb-5695-45e0-ba36-9fd09e39d7f7/">
      <title_block>
        <title/>
        <company/>
        <rev/>
        <date/>
        <source>Humidity_sensor.kicad_sch</source>
        <comment number="1" value=""/>
        <comment number="2" value=""/>
        <comment number="3" value=""/>
        <comment number="4" value=""/>
        <comment number="5" value=""/>
        <comment number="6" value=""/>
        <comment number="7" value=""/>
        <comment number="8" value=""/>
        <comment number="9" value=""/>
      </title_block>
    </sheet>
  </design>
  <components>
    <comp ref="J1">
      <value>Conn_01x33_Female</value>
      <footprint>Connector_PinHeader_2.54mm:PinHeader_1x33_P2.54mm_Vertical</footprint>
      <fields>
        <field name="Populate">DNP</field>
        <field name="Price">0</field>
      </fields>
      <libsource lib="Connector" part="Conn_01x33_Female" description="Generic connector, single row, 01x33, script generated (kicad-library-utils/schlib/autogen/connector/)"/>
      <property name="LCSC" value=""/>
      <property name="Populate" value="DNP"/>
      <property name="Price" value="0"/>
      <property name="Sheetname" value=""/>
      <property name="Sheetfile" value="main.kicad_sch"/>
      <sheetpath names="/" tstamps="/"/>
      <tstamps>ae3c331f-8808-430e-931c-7d9b2cc37f5b</tstamps>
    </comp>
    <comp ref="J2">
      <value>Conn_01x33_Female</value>
      <footprint>Connector_PinSocket_2.54mm:PinSocket_1x33_P2.54mm_Vertical</footprint>
      <fields>
        <field name="Alt_LCSC">C12345 (example)</field>
        <field name="LCSC">C1234 (example)</field>
        <field name="Populate">DNP</field>
        <field name="Price">0</field>
      </fields>
      <libsource lib="Connector" part="Conn_01x33_Female" description="Generic connector, single row, 01x33, script generated (kicad-library-utils/schlib/autogen/connector/)"/>
      <property name="LCSC" value="C1234 (example)"/>
      <property name="Populate" value="DNP"/>
      <property name="Alt_LCSC" value="C12345 (example)"/>
      <property name="Price" value="0"/>
      <property name="Sheetname" value=""/>
      <property name="Sheetfile" value="main.kicad_sch"/>
      <sheetpath names="/" tstamps="/"/>
      <tstamps>94d07718-2fcc-40a0-ad0e-c4bb67bc804a</tstamps>
    </comp>
    <comp ref="J3">
      <value>Conn_01x33_Female</value>
      <footprint>Connector_PinSocket_2.54mm:PinSocket_1x33_P2.54mm_Vertical</footprint>
      <fields>
        <field name="Alt_LCSC">C12345 (example)</field>
        <field name="LCSC">C1234 (example)</field>
        <field name="Populate">DNP</field>
        <field name="Price">0</field>
      </fields>
      <libsource lib="Connector" part="Conn_01x33_Female" description="Generic connector, single row, 01x33, script generated (kicad-library-utils/schlib/autogen/connector/)"/>
      <property name="LCSC" value="C1234 (example)"/>
      <property name="Populate" value="DNP"/>
      <property name="Alt_LCSC" value="C12345 (example)"/>
      <property name="Price" value="0"/>
      <property name="Sheetname" value=""/>
      <property name="Sheetfile" value="main.kicad_sch"/>
      <sheetpath names="/" tstamps="/"/>
      <tstamps>c7050574-27e1-4a80-9dab-24805663409e</tstamps>
    </comp>
    <comp ref="J4">
      <value>Conn_01x33_Female</value>
      <footprint>Connector_PinHeader_2.54mm:PinHeader_1x33_P2.54mm_Vertical</footprint>
      <fields>
        <field name="Populate">DNP</field>
        <field name="Price">0</field>
      </fields>
      <libsource lib="Connector" part="Conn_01x33_Female" description="Generic connector, single row, 01x33, script generated (kicad-library-utils/schlib/autogen/connector/)"/>
      <property name="LCSC" value=""/>
      <property name="Populate" value="DNP"/>
      <property name="Price" value="0"/>
      <property name="Sheetname" value=""/>
      <property name="Sheetfile" value="main.kicad_sch"/>
      <sheetpath names="/" tstamps="/"/>
      <tstamps>39549a53-fe72-4509-a12d-de170bbf0433</tstamps>
    </comp>
    <comp ref="C1">
      <value>0.1uF</value>
      <footprint>Capacitors_SMD:C_0805_HandSoldering</footprint>
      <fields>
        <field name="Spice_Model">0.1u</field>
        <field name="Spice_Netlist_Enabled">Y</field>
        <field name="Spice_Primitive">C</field>
      </fields>
      <libsource lib="charger_stepup-rescue" part="C" description=""/>
      <property name="Spice_Primitive" value="C"/>
      <property name="Spice_Model" value="0.1u"/>
      <property name="Spice_Netlist_Enabled" value="Y"/>
      <property name="Sheetname" value="Charging CCT"/>
      <property name="Sheetfile" value="chargingcircuit.kicad_sch"/>
      <sheetpath names="/Charging CCT/" tstamps="/17366ab8-c2a9-45a8-be32-c027bdb3c6e5/"/>
      <tstamps>03f6191f-221a-4bfb-a150-3a4e47091ab7</tstamps>
    </comp>
    <comp ref="C2">
      <value>10uF</value>
      <footprint>Capacitors_SMD:C_0805_HandSoldering</footprint>
      <libsource lib="charger_stepup-rescue" part="C" description=""/>
      <property name="Sheetname" value="Charging CCT"/>
      <property name="Sheetfile" value="chargingcircuit.kicad_sch"/>
      <sheetpath names="/Charging CCT/" tstamps="/17366ab8-c2a9-45a8-be32-c027bdb3c6e5/"/>
      <tstamps>f805ad0f-7b01-4726-9622-c9070e61d20a</tstamps>
    </comp>
    <comp ref="C3">
      <value>0.1uF</value>
      <footprint>Capacitors_SMD:C_0805_HandSoldering</footprint>
      <libsource lib="charger_stepup-rescue" part="C" description=""/>
      <property name="Sheetname" value="Charging CCT"/>
      <property name="Sheetfile" value="chargingcircuit.kicad_sch"/>
      <sheetpath names="/Charging CCT/" tstamps="/17366ab8-c2a9-45a8-be32-c027bdb3c6e5/"/>
      <tstamps>202b8205-4fdc-4989-a872-e7e6a9a8f078</tstamps>
    </comp>
    <comp ref="D1">
      <value>LED</value>
      <footprint>LEDs:LED_0603_HandSoldering</footprint>
      <libsource lib="charger_stepup-rescue" part="LED" description=""/>
      <property name="Sheetname" value="Charging CCT"/>
      <property name="Sheetfile" value="chargingcircuit.kicad_sch"/>
      <sheetpath names="/Charging CCT/" tstamps="/17366ab8-c2a9-45a8-be32-c027bdb3c6e5/"/>
      <tstamps>4cdea1fa-667b-4306-b7ce-e9bf633ae004</tstamps>
    </comp>
    <comp ref="D2">
      <value>LED</value>
      <footprint>LEDs:LED_0603_HandSoldering</footprint>
      <libsource lib="charger_stepup-rescue" part="LED" description=""/>
      <property name="Sheetname" value="Charging CCT"/>
      <property name="Sheetfile" value="chargingcircuit.kicad_sch"/>
      <sheetpath names="/Charging CCT/" tstamps="/17366ab8-c2a9-45a8-be32-c027bdb3c6e5/"/>
      <tstamps>08a793b7-8700-4ca5-bc52-5c91453386ab</tstamps>
    </comp>
    <comp ref="R1">
      <value>1k</value>
      <footprint>Resistors_SMD:R_0603_HandSoldering</footprint>
      <libsource lib="charger_stepup-rescue" part="R" description=""/>
      <property name="Sheetname" value="Charging CCT"/>
      <property name="Sheetfile" value="chargingcircuit.kicad_sch"/>
      <sheetpath names="/Charging CCT/" tstamps="/17366ab8-c2a9-45a8-be32-c027bdb3c6e5/"/>
      <tstamps>1462cdea-846e-43b1-b6c2-bb9d97e9f90e</tstamps>
    </comp>
    <comp ref="R2">
      <value>1k</value>
      <footprint>Resistors_SMD:R_0603_HandSoldering</footprint>
      <libsource lib="charger_stepup-rescue" part="R" description=""/>
      <property name="Sheetname" value="Charging CCT"/>
      <property name="Sheetfile" value="chargingcircuit.kicad_sch"/>
      <sheetpath names="/Charging CCT/" tstamps="/17366ab8-c2a9-45a8-be32-c027bdb3c6e5/"/>
      <tstamps>4bf3bb99-58f1-4823-86b6-74f1dac41947</tstamps>
    </comp>
    <comp ref="R3">
      <value>10k</value>
      <footprint>Resistors_SMD:R_0603_HandSoldering</footprint>
      <libsource lib="charger_stepup-rescue" part="R" description=""/>
      <property name="Sheetname" value="Charging CCT"/>
      <property name="Sheetfile" value="chargingcircuit.kicad_sch"/>
      <sheetpath names="/Charging CCT/" tstamps="/17366ab8-c2a9-45a8-be32-c027bdb3c6e5/"/>
      <tstamps>b1d5d588-d99f-4a12-b091-b5c1715d761a</tstamps>
    </comp>
    <comp ref="R4">
      <value>1k</value>
      <footprint>Resistors_SMD:R_0603_HandSoldering</footprint>
      <libsource lib="charger_stepup-rescue" part="R" description=""/>
      <property name="Sheetname" value="Charging CCT"/>
      <property name="Sheetfile" value="chargingcircuit.kicad_sch"/>
      <sheetpath names="/Charging CCT/" tstamps="/17366ab8-c2a9-45a8-be32-c027bdb3c6e5/"/>
      <tstamps>040e18d2-e577-42db-b672-ffae2463fb55</tstamps>
    </comp>
    <comp ref="R5">
      <value>100</value>
      <footprint>Resistors_SMD:R_0603_HandSoldering</footprint>
      <libsource lib="charger_stepup-rescue" part="R" description=""/>
      <property name="Sheetname" value="Charging CCT"/>
      <property name="Sheetfile" value="chargingcircuit.kicad_sch"/>
      <sheetpath names="/Charging CCT/" tstamps="/17366ab8-c2a9-45a8-be32-c027bdb3c6e5/"/>
      <tstamps>58feb42a-5b1b-451d-a462-3090252411ef</tstamps>
    </comp>
    <comp ref="R6">
      <value>400</value>
      <footprint>Resistor_SMD:R_0201_0603Metric</footprint>
      <libsource lib="Device" part="R" description="Resistor"/>
      <property name="Sheetname" value="Charging CCT"/>
      <property name="Sheetfile" value="chargingcircuit.kicad_sch"/>
      <sheetpath names="/Charging CCT/" tstamps="/17366ab8-c2a9-45a8-be32-c027bdb3c6e5/"/>
      <tstamps>b72aaacf-4683-4df4-9e60-1a4b5785f973</tstamps>
    </comp>
    <comp ref="R7">
      <value>3.3K</value>
      <footprint>Resistor_SMD:R_0201_0603Metric</footprint>
      <libsource lib="Device" part="R" description="Resistor"/>
      <property name="Sheetname" value="Charging CCT"/>
      <property name="Sheetfile" value="chargingcircuit.kicad_sch"/>
      <sheetpath names="/Charging CCT/" tstamps="/17366ab8-c2a9-45a8-be32-c027bdb3c6e5/"/>
      <tstamps>9349a2a6-9472-46c3-9139-de96a88c881b</tstamps>
    </comp>
    <comp ref="U1">
      <value>TP4056</value>
      <footprint>lib:TP4056_SOP-8-PP</footprint>
      <libsource lib="charger_stepup-rescue" part="TP4056" description=""/>
      <property name="Sheetname" value="Charging CCT"/>
      <property name="Sheetfile" value="chargingcircuit.kicad_sch"/>
      <sheetpath names="/Charging CCT/" tstamps="/17366ab8-c2a9-45a8-be32-c027bdb3c6e5/"/>
      <tstamps>3697b269-7c36-4704-ae3a-cdf02e5543de</tstamps>
    </comp>
    <comp ref="U2">
      <value>DW01</value>
      <footprint>TO_SOT_Packages_SMD:SOT-23-6_Handsoldering</footprint>
      <libsource lib="charger_stepup-rescue" part="DW01" description=""/>
      <property name="Sheetname" value="Charging CCT"/>
      <property name="Sheetfile" value="chargingcircuit.kicad_sch"/>
      <sheetpath names="/Charging CCT/" tstamps="/17366ab8-c2a9-45a8-be32-c027bdb3c6e5/"/>
      <tstamps>219a114f-7d60-4131-a9f5-55fedeeb9f1e</tstamps>
    </comp>
    <comp ref="U3">
      <value>FS8205A</value>
      <footprint>Housings_SSOP:TSSOP-8_4.4x3mm_Pitch0.65mm</footprint>
      <libsource lib="charger_stepup-rescue" part="FS8205A" description=""/>
      <property name="Sheetname" value="Charging CCT"/>
      <property name="Sheetfile" value="chargingcircuit.kicad_sch"/>
      <sheetpath names="/Charging CCT/" tstamps="/17366ab8-c2a9-45a8-be32-c027bdb3c6e5/"/>
      <tstamps>3fdb199f-2d71-4475-9a47-90698ef2fbe4</tstamps>
    </comp>
    <comp ref="R8">
      <value>2K</value>
      <footprint>Resistor_SMD:R_0201_0603Metric</footprint>
      <libsource lib="Device" part="R" description="Resistor"/>
      <property name="Sheetname" value="microcontroller_interfacing"/>
      <property name="Sheetfile" value="microcontroller_interfacing.kicad_sch"/>
      <sheetpath names="/microcontroller_interfacing/" tstamps="/59b42903-2dc7-4011-ab5b-d7b81bd233c3/"/>
      <tstamps>b4c932f9-a630-4dfc-aef2-57c883b7de87</tstamps>
    </comp>
    <comp ref="R9">
      <value>2K</value>
      <footprint>Resistor_SMD:R_0201_0603Metric</footprint>
      <libsource lib="Device" part="R" description="Resistor"/>
      <property name="Sheetname" value="microcontroller_interfacing"/>
      <property name="Sheetfile" value="microcontroller_interfacing.kicad_sch"/>
      <sheetpath names="/microcontroller_interfacing/" tstamps="/59b42903-2dc7-4011-ab5b-d7b81bd233c3/"/>
      <tstamps>5ff13eb9-d6d6-4168-905a-c93b499a16ef</tstamps>
    </comp>
    <comp ref="U4">
      <value>AT24C256C-SSHL-B</value>
      <footprint>Package_SO:SOIC-8_3.9x4.9mm_P1.27mm</footprint>
      <datasheet>http://ww1.microchip.com/downloads/en/devicedoc/atmel-8568-seeprom-at24c256c-datasheet.pdf</datasheet>
      <fields>
        <field name="category">IC</field>
        <field name="digikey description">IC EEPROM 256KBIT 1MHZ 8SOIC</field>
        <field name="digikey part number">AT24C256C-SSHL-B-ND</field>
        <field name="lead free">yes</field>
        <field name="library id">9eba29696e9ebbb7</field>
        <field name="manufacturer">Microchip</field>
        <field name="mouser part number">556-AT24C256C-SSHL-B</field>
        <field name="package">SOIC8</field>
        <field name="rohs">yes</field>
        <field name="temperature range high">+85°C</field>
        <field name="temperature range low">-40°C</field>
      </fields>
      <libsource lib="at24c256c-sshl-b" part="AT24C256C-SSHL-B" description="AT24C256C-SSHL-B"/>
      <property name="category" value="IC"/>
      <property name="digikey description" value="IC EEPROM 256KBIT 1MHZ 8SOIC"/>
      <property name="digikey part number" value="AT24C256C-SSHL-B-ND"/>
      <property name="lead free" value="yes"/>
      <property name="library id" value="9eba29696e9ebbb7"/>
      <property name="manufacturer" value="Microchip"/>
      <property name="mouser part number" value="556-AT24C256C-SSHL-B"/>
      <property name="package" value="SOIC8"/>
      <property name="rohs" value="yes"/>
      <property name="temperature range high" value="+85°C"/>
      <property name="temperature range low" value="-40°C"/>
      <property name="voltage" value=""/>
      <property name="Sheetname" value="microcontroller_interfacing"/>
      <property name="Sheetfile" value="microcontroller_interfacing.kicad_sch"/>
      <sheetpath names="/microcontroller_interfacing/" tstamps="/59b42903-2dc7-4011-ab5b-d7b81bd233c3/"/>
      <tstamps>b23ab9a6-5d2d-4403-8a19-991bcd53fef4</tstamps>
    </comp>
    <comp ref="U5">
      <value>DHT11</value>
      <footprint>Sensor:Aosong_DHT11_5.5x12.0_P2.54mm</footprint>
      <datasheet>http://akizukidenshi.com/download/ds/aosong/DHT11.pdf</datasheet>
      <libsource lib="Sensor" part="DHT11" description="Temperature and humidity module"/>
      <property name="Sheetname" value="Humidity_sensor"/>
      <property name="Sheetfile" value="Humidity_sensor.kicad_sch"/>
      <sheetpath names="/Humidity_sensor/" tstamps="/07cd1dfb-5695-45e0-ba36-9fd09e39d7f7/"/>
      <tstamps>64076e48-f1f0-498f-ae6a-438677feb771</tstamps>
    </comp>
  </components>
  <libparts>
    <libpart lib="Connector" part="Conn_01x33_Female">
      <description>Generic connector, single row, 01x33, script generated (kicad-library-utils/schlib/autogen/connector/)</description>
      <docs>~</docs>
      <footprints>
        <fp>Connector*:*_1x??_*</fp>
      </footprints>
      <fields>
        <field name="Reference">J</field>
        <field name="Value">Conn_01x33_Female</field>
        <field name="Datasheet">~</field>
      </fields>
      <pins>
        <pin num="1" name="Pin_1" type="passive"/>
        <pin num="2" name="Pin_2" type="passive"/>
        <pin num="3" name="Pin_3" type="passive"/>
        <pin num="4" name="Pin_4" type="passive"/>
        <pin num="5" name="Pin_5" type="passive"/>
        <pin num="6" name="Pin_6" type="passive"/>
        <pin num="7" name="Pin_7" type="passive"/>
        <pin num="8" name="Pin_8" type="passive"/>
        <pin num="9" name="Pin_9" type="passive"/>
        <pin num="10" name="Pin_10" type="passive"/>
        <pin num="11" name="Pin_11" type="passive"/>
        <pin num="12" name="Pin_12" type="passive"/>
        <pin num="13" name="Pin_13" type="passive"/>
        <pin num="14" name="Pin_14" type="passive"/>
        <pin num="15" name="Pin_15" type="passive"/>
        <pin num="16" name="Pin_16" type="passive"/>
        <pin num="17" name="Pin_17" type="passive"/>
        <pin num="18" name="Pin_18" type="passive"/>
        <pin num="19" name="Pin_19" type="passive"/>
        <pin num="20" name="Pin_20" type="passive"/>
        <pin num="21" name="Pin_21" type="passive"/>
        <pin num="22" name="Pin_22" type="passive"/>
        <pin num="23" name="Pin_23" type="passive"/>
        <pin num="24" name="Pin_24" type="passive"/>
        <pin num="25" name="Pin_25" type="passive"/>
        <pin num="26" name="Pin_26" type="passive"/>
        <pin num="27" name="Pin_27" type="passive"/>
        <pin num="28" name="Pin_28" type="passive"/>
        <pin num="29" name="Pin_29" type="passive"/>
        <pin num="30" name="Pin_30" type="passive"/>
        <pin num="31" name="Pin_31" type="passive"/>
        <pin num="32" name="Pin_32" type="passive"/>
        <pin num="33" name="Pin_33" type="passive"/>
      </pins>
    </libpart>
    <libpart lib="Device" part="R">
      <description>Resistor</description>
      <docs>~</docs>
      <footprints>
        <fp>R_*</fp>
      </footprints>
      <fields>
        <field name="Reference">R</field>
        <field name="Value">R</field>
        <field name="Datasheet">~</field>
      </fields>
      <pins>
        <pin num="1" name="" type="passive"/>
        <pin num="2" name="" type="passive"/>
      </pins>
    </libpart>
    <libpart lib="Sensor" part="DHT11">
      <description>Temperature and humidity module</description>
      <docs>http://akizukidenshi.com/download/ds/aosong/DHT11.pdf</docs>
      <footprints>
        <fp>Aosong*DHT11*5.5x12.0*P2.54mm*</fp>
      </footprints>
      <fields>
        <field name="Reference">U</field>
        <field name="Value">DHT11</field>
        <field name="Footprint">Sensor:Aosong_DHT11_5.5x12.0_P2.54mm</field>
        <field name="Datasheet">http://akizukidenshi.com/download/ds/aosong/DHT11.pdf</field>
      </fields>
      <pins>
        <pin num="1" name="VCC" type="power_in"/>
        <pin num="2" name="IO" type="bidirectional"/>
        <pin num="3" name="NC" type="no_connect"/>
        <pin num="4" name="GND" type="power_in"/>
      </pins>
    </libpart>
    <libpart lib="at24c256c-sshl-b" part="AT24C256C-SSHL-B">
      <description>AT24C256C-SSHL-B</description>
      <docs>http://ww1.microchip.com/downloads/en/devicedoc/atmel-8568-seeprom-at24c256c-datasheet.pdf</docs>
      <fields>
        <field name="Reference">U4</field>
        <field name="Value">AT24C256C-SSHL-B</field>
        <field name="Footprint">Package_SO:SOIC-8_3.9x4.9mm_P1.27mm</field>
        <field name="Datasheet">http://ww1.microchip.com/downloads/en/devicedoc/atmel-8568-seeprom-at24c256c-datasheet.pdf</field>
        <field name="category">IC</field>
        <field name="digikey description">IC EEPROM 256KBIT 1MHZ 8SOIC</field>
        <field name="digikey part number">AT24C256C-SSHL-B-ND</field>
        <field name="lead free">yes</field>
        <field name="library id">9eba29696e9ebbb7</field>
        <field name="manufacturer">Microchip</field>
        <field name="mouser part number">556-AT24C256C-SSHL-B</field>
        <field name="package">SOIC8</field>
        <field name="rohs">yes</field>
        <field name="temperature range high">+85°C</field>
        <field name="temperature range low">-40°C</field>
      </fields>
      <pins>
        <pin num="1" name="A0" type="input"/>
        <pin num="2" name="A1" type="input"/>
        <pin num="3" name="A2" type="input"/>
        <pin num="4" name="GND" type="input"/>
        <pin num="5" name="SDA" type="bidirectional"/>
        <pin num="6" name="SCL" type="bidirectional"/>
        <pin num="7" name="WP" type="input"/>
        <pin num="8" name="VCC" type="input"/>
      </pins>
    </libpart>
    <libpart lib="charger_stepup-rescue" part="C">
      <footprints>
        <fp>C_*</fp>
      </footprints>
      <fields>
        <field name="Reference">C</field>
        <field name="Value">C</field>
      </fields>
      <pins>
        <pin num="1" name="" type="passive"/>
        <pin num="2" name="" type="passive"/>
      </pins>
    </libpart>
    <libpart lib="charger_stepup-rescue" part="DW01">
      <fields>
        <field name="Reference">U</field>
        <field name="Value">DW01</field>
      </fields>
      <pins>
        <pin num="1" name="OD" type="input"/>
        <pin num="2" name="CS" type="input"/>
        <pin num="3" name="OC" type="input"/>
        <pin num="4" name="TD" type="input"/>
        <pin num="5" name="VCC" type="input"/>
        <pin num="6" name="GND" type="input"/>
      </pins>
    </libpart>
    <libpart lib="charger_stepup-rescue" part="FS8205A">
      <fields>
        <field name="Reference">U</field>
        <field name="Value">FS8205A</field>
      </fields>
      <pins>
        <pin num="1" name="D12" type="input"/>
        <pin num="2" name="S1" type="input"/>
        <pin num="3" name="S1" type="input"/>
        <pin num="4" name="G1" type="input"/>
        <pin num="5" name="G2" type="input"/>
        <pin num="6" name="S2" type="input"/>
        <pin num="7" name="S2" type="input"/>
        <pin num="8" name="D12" type="input"/>
      </pins>
    </libpart>
    <libpart lib="charger_stepup-rescue" part="LED">
      <footprints>
        <fp>LED*</fp>
      </footprints>
      <fields>
        <field name="Reference">D</field>
        <field name="Value">LED</field>
      </fields>
      <pins>
        <pin num="1" name="K" type="passive"/>
        <pin num="2" name="A" type="passive"/>
      </pins>
    </libpart>
    <libpart lib="charger_stepup-rescue" part="R">
      <footprints>
        <fp>R_*</fp>
        <fp>R_*</fp>
      </footprints>
      <fields>
        <field name="Reference">R</field>
        <field name="Value">R</field>
      </fields>
      <pins>
        <pin num="1" name="" type="passive"/>
        <pin num="2" name="" type="passive"/>
      </pins>
    </libpart>
    <libpart lib="charger_stepup-rescue" part="TP4056">
      <fields>
        <field name="Reference">U</field>
        <field name="Value">TP4056</field>
      </fields>
      <pins>
        <pin num="1" name="TEMP" type="passive"/>
        <pin num="2" name="PROG" type="passive"/>
        <pin num="3" name="GND" type="power_in"/>
        <pin num="4" name="VCC" type="power_in"/>
        <pin num="5" name="BAT" type="power_out"/>
        <pin num="6" name="~{STDBY}" type="open_collector"/>
        <pin num="7" name="~{CHRG}" type="open_collector"/>
        <pin num="8" name="CE" type="input"/>
        <pin num="9" name="PP" type="input"/>
      </pins>
    </libpart>
  </libparts>
  <libraries>
    <library logical="Connector">
      <uri>/usr/share/kicad/symbols//Connector.kicad_sym</uri>
    </library>
    <library logical="Device">
      <uri>/usr/share/kicad/symbols//Device.kicad_sym</uri>
    </library>
    <library logical="Sensor">
      <uri>/usr/share/kicad/symbols//Sensor.kicad_sym</uri>
    </library>
    <library logical="at24c256c-sshl-b">
      <uri>/home/nyemwero/at24c256c-sshl-b.kicad_sym</uri>
    </library>
    <library logical="charger_stepup-rescue">
      <uri>/home/nyemwero/Desktop/kicad/main/charger_stepup-rescue.lib</uri>
    </library>
  </libraries>
  <nets>
    <net code="1" name="+5V">
      <node ref="J3" pin="1" pinfunction="Pin_1" pintype="passive"/>
      <node ref="J4" pin="1" pinfunction="Pin_1" pintype="passive"/>
    </net>
    <net code="2" name="/BOOT">
      <node ref="J3" pin="6" pinfunction="Pin_6" pintype="passive"/>
      <node ref="J4" pin="6" pinfunction="Pin_6" pintype="passive"/>
    </net>
    <net code="3" name="/NRST">
      <node ref="J1" pin="10" pinfunction="Pin_10" pintype="passive"/>
      <node ref="J2" pin="10" pinfunction="Pin_10" pintype="passive"/>
    </net>
    <net code="4" name="/PA0">
      <node ref="J1" pin="15" pinfunction="Pin_15" pintype="passive"/>
      <node ref="J2" pin="15" pinfunction="Pin_15" pintype="passive"/>
    </net>
    <net code="5" name="/PA1">
      <node ref="J1" pin="16" pinfunction="Pin_16" pintype="passive"/>
      <node ref="J2" pin="16" pinfunction="Pin_16" pintype="passive"/>
    </net>
    <net code="6" name="/PA2">
      <node ref="J1" pin="17" pinfunction="Pin_17" pintype="passive"/>
      <node ref="J2" pin="17" pinfunction="Pin_17" pintype="passive"/>
    </net>
    <net code="7" name="/PA3">
      <node ref="J1" pin="18" pinfunction="Pin_18" pintype="passive"/>
      <node ref="J2" pin="18" pinfunction="Pin_18" pintype="passive"/>
    </net>
    <net code="8" name="/PA4">
      <node ref="J1" pin="21" pinfunction="Pin_21" pintype="passive"/>
      <node ref="J2" pin="21" pinfunction="Pin_21" pintype="passive"/>
      <node ref="U5" pin="2" pinfunction="IO" pintype="bidirectional"/>
    </net>
    <net code="9" name="/PA5">
      <node ref="J1" pin="22" pinfunction="Pin_22" pintype="passive"/>
      <node ref="J2" pin="22" pinfunction="Pin_22" pintype="passive"/>
    </net>
    <net code="10" name="/PA6">
      <node ref="J1" pin="23" pinfunction="Pin_23" pintype="passive"/>
      <node ref="J2" pin="23" pinfunction="Pin_23" pintype="passive"/>
    </net>
    <net code="11" name="/PA7">
      <node ref="J1" pin="24" pinfunction="Pin_24" pintype="passive"/>
      <node ref="J2" pin="24" pinfunction="Pin_24" pintype="passive"/>
    </net>
    <net code="12" name="/PA8">
      <node ref="J3" pin="25" pinfunction="Pin_25" pintype="passive"/>
      <node ref="J4" pin="25" pinfunction="Pin_25" pintype="passive"/>
    </net>
    <net code="13" name="/PA9">
      <node ref="J3" pin="24" pinfunction="Pin_24" pintype="passive"/>
      <node ref="J4" pin="24" pinfunction="Pin_24" pintype="passive"/>
    </net>
    <net code="14" name="/PA10">
      <node ref="J3" pin="23" pinfunction="Pin_23" pintype="passive"/>
      <node ref="J4" pin="23" pinfunction="Pin_23" pintype="passive"/>
    </net>
    <net code="15" name="/PA11">
      <node ref="J3" pin="22" pinfunction="Pin_22" pintype="passive"/>
      <node ref="J4" pin="22" pinfunction="Pin_22" pintype="passive"/>
    </net>
    <net code="16" name="/PA12">
      <node ref="J3" pin="21" pinfunction="Pin_21" pintype="passive"/>
      <node ref="J4" pin="21" pinfunction="Pin_21" pintype="passive"/>
    </net>
    <net code="17" name="/PA13">
      <node ref="J3" pin="20" pinfunction="Pin_20" pintype="passive"/>
      <node ref="J4" pin="20" pinfunction="Pin_20" pintype="passive"/>
    </net>
    <net code="18" name="/PA14">
      <node ref="J3" pin="17" pinfunction="Pin_17" pintype="passive"/>
      <node ref="J4" pin="17" pinfunction="Pin_17" pintype="passive"/>
    </net>
    <net code="19" name="/PA15">
      <node ref="J3" pin="16" pinfunction="Pin_16" pintype="passive"/>
      <node ref="J4" pin="16" pinfunction="Pin_16" pintype="passive"/>
    </net>
    <net code="20" name="/PB0">
      <node ref="J1" pin="27" pinfunction="Pin_27" pintype="passive"/>
      <node ref="J2" pin="27" pinfunction="Pin_27" pintype="passive"/>
    </net>
    <net code="21" name="/PB1">
      <node ref="J1" pin="28" pinfunction="Pin_28" pintype="passive"/>
      <node ref="J2" pin="28" pinfunction="Pin_28" pintype="passive"/>
    </net>
    <net code="22" name="/PB2">
      <node ref="J1" pin="29" pinfunction="Pin_29" pintype="passive"/>
      <node ref="J2" pin="29" pinfunction="Pin_29" pintype="passive"/>
    </net>
    <net code="23" name="/PB3">
      <node ref="J3" pin="11" pinfunction="Pin_11" pintype="passive"/>
      <node ref="J4" pin="11" pinfunction="Pin_11" pintype="passive"/>
    </net>
    <net code="24" name="/PB4">
      <node ref="J3" pin="10" pinfunction="Pin_10" pintype="passive"/>
      <node ref="J4" pin="10" pinfunction="Pin_10" pintype="passive"/>
    </net>
    <net code="25" name="/PB5">
      <node ref="J3" pin="9" pinfunction="Pin_9" pintype="passive"/>
      <node ref="J4" pin="9" pinfunction="Pin_9" pintype="passive"/>
    </net>
    <net code="26" name="/PB6">
      <node ref="J3" pin="8" pinfunction="Pin_8" pintype="passive"/>
      <node ref="J4" pin="8" pinfunction="Pin_8" pintype="passive"/>
    </net>
    <net code="27" name="/PB7">
      <node ref="J3" pin="7" pinfunction="Pin_7" pintype="passive"/>
      <node ref="J4" pin="7" pinfunction="Pin_7" pintype="passive"/>
    </net>
    <net code="28" name="/PB8">
      <node ref="J3" pin="4" pinfunction="Pin_4" pintype="passive"/>
      <node ref="J4" pin="4" pinfunction="Pin_4" pintype="passive"/>
    </net>
    <net code="29" name="/PB9">
      <node ref="J3" pin="3" pinfunction="Pin_3" pintype="passive"/>
      <node ref="J4" pin="3" pinfunction="Pin_3" pintype="passive"/>
    </net>
    <net code="30" name="/PB10">
      <node ref="J1" pin="30" pinfunction="Pin_30" pintype="passive"/>
      <node ref="J2" pin="30" pinfunction="Pin_30" pintype="passive"/>
    </net>
    <net code="31" name="/PB11">
      <node ref="J1" pin="31" pinfunction="Pin_31" pintype="passive"/>
      <node ref="J2" pin="31" pinfunction="Pin_31" pintype="passive"/>
    </net>
    <net code="32" name="/PB12">
      <node ref="J1" pin="32" pinfunction="Pin_32" pintype="passive"/>
      <node ref="J2" pin="32" pinfunction="Pin_32" pintype="passive"/>
    </net>
    <net code="33" name="/PB13">
      <node ref="J3" pin="32" pinfunction="Pin_32" pintype="passive"/>
      <node ref="J4" pin="32" pinfunction="Pin_32" pintype="passive"/>
    </net>
    <net code="34" name="/PB14">
      <node ref="J3" pin="31" pinfunction="Pin_31" pintype="passive"/>
      <node ref="J4" pin="31" pinfunction="Pin_31" pintype="passive"/>
    </net>
    <net code="35" name="/PB15">
      <node ref="J3" pin="30" pinfunction="Pin_30" pintype="passive"/>
      <node ref="J4" pin="30" pinfunction="Pin_30" pintype="passive"/>
    </net>
    <net code="36" name="/PC0">
      <node ref="J1" pin="11" pinfunction="Pin_11" pintype="passive"/>
      <node ref="J2" pin="11" pinfunction="Pin_11" pintype="passive"/>
    </net>
    <net code="37" name="/PC1">
      <node ref="J1" pin="12" pinfunction="Pin_12" pintype="passive"/>
      <node ref="J2" pin="12" pinfunction="Pin_12" pintype="passive"/>
    </net>
    <net code="38" name="/PC2">
      <node ref="J1" pin="13" pinfunction="Pin_13" pintype="passive"/>
      <node ref="J2" pin="13" pinfunction="Pin_13" pintype="passive"/>
    </net>
    <net code="39" name="/PC3">
      <node ref="J1" pin="14" pinfunction="Pin_14" pintype="passive"/>
      <node ref="J2" pin="14" pinfunction="Pin_14" pintype="passive"/>
    </net>
    <net code="40" name="/PC4">
      <node ref="J1" pin="25" pinfunction="Pin_25" pintype="passive"/>
      <node ref="J2" pin="25" pinfunction="Pin_25" pintype="passive"/>
    </net>
    <net code="41" name="/PC5">
      <node ref="J1" pin="26" pinfunction="Pin_26" pintype="passive"/>
      <node ref="J2" pin="26" pinfunction="Pin_26" pintype="passive"/>
    </net>
    <net code="42" name="/PC6">
      <node ref="J3" pin="29" pinfunction="Pin_29" pintype="passive"/>
      <node ref="J4" pin="29" pinfunction="Pin_29" pintype="passive"/>
    </net>
    <net code="43" name="/PC7">
      <node ref="J3" pin="28" pinfunction="Pin_28" pintype="passive"/>
      <node ref="J4" pin="28" pinfunction="Pin_28" pintype="passive"/>
    </net>
    <net code="44" name="/PC8">
      <node ref="J3" pin="27" pinfunction="Pin_27" pintype="passive"/>
      <node ref="J4" pin="27" pinfunction="Pin_27" pintype="passive"/>
    </net>
    <net code="45" name="/PC9">
      <node ref="J3" pin="26" pinfunction="Pin_26" pintype="passive"/>
      <node ref="J4" pin="26" pinfunction="Pin_26" pintype="passive"/>
    </net>
    <net code="46" name="/PC10">
      <node ref="J3" pin="15" pinfunction="Pin_15" pintype="passive"/>
      <node ref="J4" pin="15" pinfunction="Pin_15" pintype="passive"/>
    </net>
    <net code="47" name="/PC11">
      <node ref="J3" pin="14" pinfunction="Pin_14" pintype="passive"/>
      <node ref="J4" pin="14" pinfunction="Pin_14" pintype="passive"/>
    </net>
    <net code="48" name="/PC12">
      <node ref="J3" pin="13" pinfunction="Pin_13" pintype="passive"/>
      <node ref="J4" pin="13" pinfunction="Pin_13" pintype="passive"/>
    </net>
    <net code="49" name="/PC13">
      <node ref="J1" pin="4" pinfunction="Pin_4" pintype="passive"/>
      <node ref="J2" pin="4" pinfunction="Pin_4" pintype="passive"/>
    </net>
    <net code="50" name="/PC14">
      <node ref="J1" pin="5" pinfunction="Pin_5" pintype="passive"/>
      <node ref="J2" pin="5" pinfunction="Pin_5" pintype="passive"/>
    </net>
    <net code="51" name="/PC15">
      <node ref="J1" pin="6" pinfunction="Pin_6" pintype="passive"/>
      <node ref="J2" pin="6" pinfunction="Pin_6" pintype="passive"/>
    </net>
    <net code="52" name="/PD2">
      <node ref="J3" pin="12" pinfunction="Pin_12" pintype="passive"/>
      <node ref="J4" pin="12" pinfunction="Pin_12" pintype="passive"/>
    </net>
    <net code="53" name="/PF0">
      <node ref="J1" pin="7" pinfunction="Pin_7" pintype="passive"/>
      <node ref="J2" pin="7" pinfunction="Pin_7" pintype="passive"/>
    </net>
    <net code="54" name="/PF1">
      <node ref="J1" pin="8" pinfunction="Pin_8" pintype="passive"/>
      <node ref="J2" pin="8" pinfunction="Pin_8" pintype="passive"/>
    </net>
    <net code="55" name="/PF4">
      <node ref="J1" pin="19" pinfunction="Pin_19" pintype="passive"/>
      <node ref="J2" pin="19" pinfunction="Pin_19" pintype="passive"/>
    </net>
    <net code="56" name="/PF5">
      <node ref="J1" pin="20" pinfunction="Pin_20" pintype="passive"/>
      <node ref="J2" pin="20" pinfunction="Pin_20" pintype="passive"/>
    </net>
    <net code="57" name="/PF6">
      <node ref="J3" pin="19" pinfunction="Pin_19" pintype="passive"/>
      <node ref="J4" pin="19" pinfunction="Pin_19" pintype="passive"/>
      <node ref="R8" pin="2" pintype="passive"/>
    </net>
    <net code="58" name="/PF7">
      <node ref="J3" pin="18" pinfunction="Pin_18" pintype="passive"/>
      <node ref="J4" pin="18" pinfunction="Pin_18" pintype="passive"/>
      <node ref="R9" pin="2" pintype="passive"/>
    </net>
    <net code="59" name="/VBAT">
      <node ref="J1" pin="3" pinfunction="Pin_3" pintype="passive"/>
      <node ref="J2" pin="3" pinfunction="Pin_3" pintype="passive"/>
    </net>
    <net code="60" name="3V3">
      <node ref="J1" pin="1" pinfunction="Pin_1" pintype="passive"/>
      <node ref="J2" pin="1" pinfunction="Pin_1" pintype="passive"/>
      <node ref="R6" pin="2" pintype="passive"/>
      <node ref="R7" pin="1" pintype="passive"/>
      <node ref="U4" pin="8" pinfunction="VCC" pintype="input"/>
      <node ref="U5" pin="1" pinfunction="VCC" pintype="power_in"/>
    </net>
    <net code="61" name="Battery+">
      <node ref="C2" pin="1" pintype="passive"/>
      <node ref="R5" pin="1" pintype="passive"/>
      <node ref="R6" pin="1" pintype="passive"/>
      <node ref="U1" pin="5" pinfunction="BAT" pintype="power_out"/>
    </net>
    <net code="62" name="Battery-">
      <node ref="C3" pin="2" pintype="passive"/>
      <node ref="U2" pin="6" pinfunction="GND" pintype="input"/>
      <node ref="U3" pin="2" pinfunction="S1" pintype="input"/>
      <node ref="U3" pin="3" pinfunction="S1" pintype="input"/>
    </net>
    <net code="63" name="GND">
      <node ref="C1" pin="2" pintype="passive"/>
      <node ref="C2" pin="2" pintype="passive"/>
      <node ref="J1" pin="2" pinfunction="Pin_2" pintype="passive"/>
      <node ref="J1" pin="33" pinfunction="Pin_33" pintype="passive"/>
      <node ref="J1" pin="9" pinfunction="Pin_9" pintype="passive"/>
      <node ref="J2" pin="2" pinfunction="Pin_2" pintype="passive"/>
      <node ref="J2" pin="33" pinfunction="Pin_33" pintype="passive"/>
      <node ref="J2" pin="9" pinfunction="Pin_9" pintype="passive"/>
      <node ref="J3" pin="2" pinfunction="Pin_2" pintype="passive"/>
      <node ref="J3" pin="33" pinfunction="Pin_33" pintype="passive"/>
      <node ref="J4" pin="2" pinfunction="Pin_2" pintype="passive"/>
      <node ref="J4" pin="33" pinfunction="Pin_33" pintype="passive"/>
      <node ref="R3" pin="1" pintype="passive"/>
      <node ref="R4" pin="1" pintype="passive"/>
      <node ref="R7" pin="2" pintype="passive"/>
      <node ref="U1" pin="1" pinfunction="TEMP" pintype="passive"/>
      <node ref="U1" pin="3" pinfunction="GND" pintype="power_in"/>
      <node ref="U3" pin="6" pinfunction="S2" pintype="input"/>
      <node ref="U3" pin="7" pinfunction="S2" pintype="input"/>
      <node ref="U4" pin="1" pinfunction="A0" pintype="input"/>
      <node ref="U4" pin="2" pinfunction="A1" pintype="input"/>
      <node ref="U4" pin="3" pinfunction="A2" pintype="input"/>
      <node ref="U4" pin="4" pinfunction="GND" pintype="input"/>
      <node ref="U4" pin="7" pinfunction="WP" pintype="input"/>
      <node ref="U5" pin="4" pinfunction="GND" pintype="power_in"/>
    </net>
    <net code="64" name="MC_5V">
      <node ref="C1" pin="1" pintype="passive"/>
      <node ref="D1" pin="2" pinfunction="A" pintype="passive"/>
      <node ref="D2" pin="2" pinfunction="A" pintype="passive"/>
      <node ref="U1" pin="4" pinfunction="VCC" pintype="power_in"/>
      <node ref="U1" pin="8" pinfunction="CE" pintype="input"/>
      <node ref="U1" pin="9" pinfunction="PP" pintype="input"/>
    </net>
    <net code="65" name="Net-(C3-Pad1)">
      <node ref="C3" pin="1" pintype="passive"/>
      <node ref="R5" pin="2" pintype="passive"/>
      <node ref="U2" pin="5" pinfunction="VCC" pintype="input"/>
    </net>
    <net code="66" name="Net-(D1-Pad1)">
      <node ref="D1" pin="1" pinfunction="K" pintype="passive"/>
      <node ref="R2" pin="2" pintype="passive"/>
    </net>
    <net code="67" name="Net-(D2-Pad1)">
      <node ref="D2" pin="1" pinfunction="K" pintype="passive"/>
      <node ref="R1" pin="2" pintype="passive"/>
    </net>
    <net code="68" name="Net-(R1-Pad1)">
      <node ref="R1" pin="1" pintype="passive"/>
      <node ref="U1" pin="6" pinfunction="~{STDBY}" pintype="open_collector"/>
    </net>
    <net code="69" name="Net-(R2-Pad1)">
      <node ref="R2" pin="1" pintype="passive"/>
      <node ref="U1" pin="7" pinfunction="~{CHRG}" pintype="open_collector"/>
    </net>
    <net code="70" name="Net-(R3-Pad2)">
      <node ref="R3" pin="2" pintype="passive"/>
      <node ref="U1" pin="2" pinfunction="PROG" pintype="passive"/>
    </net>
    <net code="71" name="Net-(R4-Pad2)">
      <node ref="R4" pin="2" pintype="passive"/>
      <node ref="U2" pin="2" pinfunction="CS" pintype="input"/>
    </net>
    <net code="72" name="Net-(R8-Pad1)">
      <node ref="R8" pin="1" pintype="passive"/>
      <node ref="U4" pin="6" pinfunction="SCL" pintype="bidirectional"/>
    </net>
    <net code="73" name="Net-(R9-Pad1)">
      <node ref="R9" pin="1" pintype="passive"/>
      <node ref="U4" pin="5" pinfunction="SDA" pintype="bidirectional"/>
    </net>
    <net code="74" name="Net-(U2-Pad1)">
      <node ref="U2" pin="1" pinfunction="OD" pintype="input"/>
      <node ref="U3" pin="4" pinfunction="G1" pintype="input"/>
    </net>
    <net code="75" name="Net-(U2-Pad3)">
      <node ref="U2" pin="3" pinfunction="OC" pintype="input"/>
      <node ref="U3" pin="5" pinfunction="G2" pintype="input"/>
    </net>
    <net code="76" name="VDD">
      <node ref="J3" pin="5" pinfunction="Pin_5" pintype="passive"/>
      <node ref="J4" pin="5" pinfunction="Pin_5" pintype="passive"/>
    </net>
    <net code="77" name="unconnected-(U2-Pad4)">
      <node ref="U2" pin="4" pinfunction="TD" pintype="input+no_connect"/>
    </net>
    <net code="78" name="unconnected-(U3-Pad1)">
      <node ref="U3" pin="1" pinfunction="D12" pintype="input+no_connect"/>
    </net>
    <net code="79" name="unconnected-(U3-Pad8)">
      <node ref="U3" pin="8" pinfunction="D12" pintype="input+no_connect"/>
    </net>
    <net code="80" name="unconnected-(U5-Pad3)">
      <node ref="U5" pin="3" pinfunction="NC" pintype="no_connect"/>
    </net>
  </nets>
</export>
