"Source:","/home/nyemwero/Desktop/kicad/main/main.kicad_sch"
"Date:","Thu 17 Mar 2022 23:07:34"
"Tool:","Eeschema 6.0.2-378541a8eb~116~ubuntu21.10.1"
"Generator:","/usr/share/kicad/plugins/bom_csv_grouped_by_value.py"
"Component Count:","23"

"Individual Components:"

"Item","Qty","Reference(s)","Value","LibPart","Footprint","Datasheet","Alt_LCSC","LCSC","Populate","Price","Spice_Model","Spice_Netlist_Enabled","Spice_Primitive","category","digikey description","digikey part number","lead free","library id","manufacturer","mouser part number","package","rohs","temperature range high","temperature range low"
"","","C1","0.1uF","charger_stepup-rescue:C","Capacitors_SMD:C_0805_HandSoldering","","","","","","0.1u","Y","C","","","","","","","","","","",""
"","","C2","10uF","charger_stepup-rescue:C","Capacitors_SMD:C_0805_HandSoldering","","","","","","","","","","","","","","","","","","",""
"","","C3","0.1uF","charger_stepup-rescue:C","Capacitors_SMD:C_0805_HandSoldering","","","","","","","","","","","","","","","","","","",""
"","","D1","LED","charger_stepup-rescue:LED","LEDs:LED_0603_HandSoldering","","","","","","","","","","","","","","","","","","",""
"","","D2","LED","charger_stepup-rescue:LED","LEDs:LED_0603_HandSoldering","","","","","","","","","","","","","","","","","","",""
"","","J1","Conn_01x33_Female","Connector:Conn_01x33_Female","Connector_PinHeader_2.54mm:PinHeader_1x33_P2.54mm_Vertical","~","","","DNP","0","","","","","","","","","","","","","",""
"","","J2","Conn_01x33_Female","Connector:Conn_01x33_Female","Connector_PinSocket_2.54mm:PinSocket_1x33_P2.54mm_Vertical","~","C12345 (example)","C1234 (example)","DNP","0","","","","","","","","","","","","","",""
"","","J3","Conn_01x33_Female","Connector:Conn_01x33_Female","Connector_PinSocket_2.54mm:PinSocket_1x33_P2.54mm_Vertical","~","C12345 (example)","C1234 (example)","DNP","0","","","","","","","","","","","","","",""
"","","J4","Conn_01x33_Female","Connector:Conn_01x33_Female","Connector_PinHeader_2.54mm:PinHeader_1x33_P2.54mm_Vertical","~","","","DNP","0","","","","","","","","","","","","","",""
"","","R1","1k","charger_stepup-rescue:R","Resistors_SMD:R_0603_HandSoldering","","","","","","","","","","","","","","","","","","",""
"","","R2","1k","charger_stepup-rescue:R","Resistors_SMD:R_0603_HandSoldering","","","","","","","","","","","","","","","","","","",""
"","","R3","10k","charger_stepup-rescue:R","Resistors_SMD:R_0603_HandSoldering","","","","","","","","","","","","","","","","","","",""
"","","R4","1k","charger_stepup-rescue:R","Resistors_SMD:R_0603_HandSoldering","","","","","","","","","","","","","","","","","","",""
"","","R5","100","charger_stepup-rescue:R","Resistors_SMD:R_0603_HandSoldering","","","","","","","","","","","","","","","","","","",""
"","","R6","400","Device:R","Resistor_SMD:R_0201_0603Metric","~","","","","","","","","","","","","","","","","","",""
"","","R7","3.3K","Device:R","Resistor_SMD:R_0201_0603Metric","~","","","","","","","","","","","","","","","","","",""
"","","R8","2K","Device:R","Resistor_SMD:R_0201_0603Metric","~","","","","","","","","","","","","","","","","","",""
"","","R9","2K","Device:R","Resistor_SMD:R_0201_0603Metric","~","","","","","","","","","","","","","","","","","",""
"","","U1","TP4056","charger_stepup-rescue:TP4056","lib:TP4056_SOP-8-PP","","","","","","","","","","","","","","","","","","",""
"","","U2","DW01","charger_stepup-rescue:DW01","TO_SOT_Packages_SMD:SOT-23-6_Handsoldering","","","","","","","","","","","","","","","","","","",""
"","","U3","FS8205A","charger_stepup-rescue:FS8205A","Housings_SSOP:TSSOP-8_4.4x3mm_Pitch0.65mm","","","","","","","","","","","","","","","","","","",""
"","","U4","AT24C256C-SSHL-B","at24c256c-sshl-b:AT24C256C-SSHL-B","Package_SO:SOIC-8_3.9x4.9mm_P1.27mm","http://ww1.microchip.com/downloads/en/devicedoc/atmel-8568-seeprom-at24c256c-datasheet.pdf","","","","","","","","IC","IC EEPROM 256KBIT 1MHZ 8SOIC","AT24C256C-SSHL-B-ND","yes","9eba29696e9ebbb7","Microchip","556-AT24C256C-SSHL-B","SOIC8","yes","+85°C","-40°C"
"","","U5","DHT11","Sensor:DHT11","Sensor:Aosong_DHT11_5.5x12.0_P2.54mm","http://akizukidenshi.com/download/ds/aosong/DHT11.pdf","","","","","","","","","","","","","","","","","",""



"Collated Components:"

"Item","Qty","Reference(s)","Value","LibPart","Footprint","Datasheet","Alt_LCSC","LCSC","Populate","Price","Spice_Model","Spice_Netlist_Enabled","Spice_Primitive","category","digikey description","digikey part number","lead free","library id","manufacturer","mouser part number","package","rohs","temperature range high","temperature range low"
"1","2","C1, C3","0.1uF","charger_stepup-rescue:C","Capacitors_SMD:C_0805_HandSoldering","","","","","","0.1u","Y","C","","","","","","","","","","",""
"2","1","C2","10uF","charger_stepup-rescue:C","Capacitors_SMD:C_0805_HandSoldering","","","","","","","","","","","","","","","","","","",""
"3","2","D1, D2","LED","charger_stepup-rescue:LED","LEDs:LED_0603_HandSoldering","","","","","","","","","","","","","","","","","","",""
"4","2","J1, J4","Conn_01x33_Female","Connector:Conn_01x33_Female","Connector_PinHeader_2.54mm:PinHeader_1x33_P2.54mm_Vertical","~","","","DNP","0","","","","","","","","","","","","","",""
"5","2","J2, J3","Conn_01x33_Female","Connector:Conn_01x33_Female","Connector_PinSocket_2.54mm:PinSocket_1x33_P2.54mm_Vertical","~","C12345 (example)","C1234 (example)","DNP","0","","","","","","","","","","","","","",""
"6","3","R1, R2, R4","1k","charger_stepup-rescue:R","Resistors_SMD:R_0603_HandSoldering","","","","","","","","","","","","","","","","","","",""
"7","1","R3","10k","charger_stepup-rescue:R","Resistors_SMD:R_0603_HandSoldering","","","","","","","","","","","","","","","","","","",""
"8","1","R5","100","charger_stepup-rescue:R","Resistors_SMD:R_0603_HandSoldering","","","","","","","","","","","","","","","","","","",""
"9","1","R6","400","Device:R","Resistor_SMD:R_0201_0603Metric","~","","","","","","","","","","","","","","","","","",""
"10","1","R7","3.3K","Device:R","Resistor_SMD:R_0201_0603Metric","~","","","","","","","","","","","","","","","","","",""
"11","2","R8, R9","2K","Device:R","Resistor_SMD:R_0201_0603Metric","~","","","","","","","","","","","","","","","","","",""
"12","1","U1","TP4056","charger_stepup-rescue:TP4056","lib:TP4056_SOP-8-PP","","","","","","","","","","","","","","","","","","",""
"13","1","U2","DW01","charger_stepup-rescue:DW01","TO_SOT_Packages_SMD:SOT-23-6_Handsoldering","","","","","","","","","","","","","","","","","","",""
"14","1","U3","FS8205A","charger_stepup-rescue:FS8205A","Housings_SSOP:TSSOP-8_4.4x3mm_Pitch0.65mm","","","","","","","","","","","","","","","","","","",""
"15","1","U4","AT24C256C-SSHL-B","at24c256c-sshl-b:AT24C256C-SSHL-B","Package_SO:SOIC-8_3.9x4.9mm_P1.27mm","http://ww1.microchip.com/downloads/en/devicedoc/atmel-8568-seeprom-at24c256c-datasheet.pdf","","","","","","","","IC","IC EEPROM 256KBIT 1MHZ 8SOIC","AT24C256C-SSHL-B-ND","yes","9eba29696e9ebbb7","Microchip","556-AT24C256C-SSHL-B","SOIC8","yes","+85°C","-40°C"
"16","1","U5","DHT11","Sensor:DHT11","Sensor:Aosong_DHT11_5.5x12.0_P2.54mm","http://akizukidenshi.com/download/ds/aosong/DHT11.pdf","","","","","","","","","","","","","","","","","",""
