{"schematics":[{"docType":1,"title":"TP4056","dataStr":{"head":{"docType":"1","editorVersion":"6.5.1","c_para":{"Prefix Start":"1"},"c_spiceCmd":"null","hasIdFlag":true,"x":"0","y":"0","portOfADImportHack":"","importFlag":0,"transformList":"","uuid":"d88c9df4bf7744b7aabc0b01c33aef7d","newgId":true},"canvas":"CA~1000~1000~#FFFFFF~yes~#CCCCCC~5~1000~1000~line~5~pixel~5~0~0","shape":["LIB~490~290~package`NONE`BOM_Manufacturer Part`?`spicePre`.`~~0~frame_lib_1~~~0~~yes~yes~~~#@$T~N~403.640625~-229~0~#000080~Arial~~~~~comment~NO~0~start~gge92~0~#@$T~P~403.6484375~-239.703125~0~#000080~Arial~~~~~comment~.~0~start~gge94~0~#@$PT~M 206 10 L 206 0 M 206 570 L 206 580 M 402 10 L 402 0 M 402 570 L 402 580 M 598 10 L 598 0 M 598 570 L 598 580 M 794 10 L 794 0 M 794 570 L 794 580 M 10 206 L 0 206 M 970 206 L 980 206 M 10 402 L 0 402 M 970 402 L 980 402~#880000~1~0~none~frame_tick_1~0~frame_tick#@$T~L~1.5~108~0~#880000~~~~~~comment~A~1~start~frame_tick_2~0~frame_tick#@$T~L~971.5~108~0~#880000~~~~~~comment~A~1~start~frame_tick_3~0~frame_tick#@$T~L~1.5~304~0~#880000~~~~~~comment~B~1~start~frame_tick_4~0~frame_tick#@$T~L~971.5~304~0~#880000~~~~~~comment~B~1~start~frame_tick_5~0~frame_tick#@$T~L~108~8.5~0~#880000~~~~~~comment~1~1~start~frame_tick_6~0~frame_tick#@$T~L~108~578.5~0~#880000~~~~~~comment~1~1~start~frame_tick_7~0~frame_tick#@$T~L~304~8.5~0~#880000~~~~~~comment~2~1~start~frame_tick_8~0~frame_tick#@$T~L~304~578.5~0~#880000~~~~~~comment~2~1~start~frame_tick_9~0~frame_tick#@$T~L~500~8.5~0~#880000~~~~~~comment~3~1~start~frame_tick_10~0~frame_tick#@$T~L~500~578.5~0~#880000~~~~~~comment~3~1~start~frame_tick_11~0~frame_tick#@$T~L~696~8.5~0~#880000~~~~~~comment~4~1~start~frame_tick_12~0~frame_tick#@$T~L~696~578.5~0~#880000~~~~~~comment~4~1~start~frame_tick_13~0~frame_tick#@$R~10~10~~~960~560~#880000~1~0~none~frame_innerbox_1~0~frame_innerbox#@$R~0~0~~~980~580~#880000~1~0~none~frame_outbox_1~0~frame_outbox#@$R~570~490~~~400~80~#880000~1~0~none~frame_hitarea_1~0~frame_hitarea#@$PL~570 530 970 530~#880000~1~0~none~gge150~0#@$PL~570 550 970 550~#880000~1~0~none~gge151~0#@$PL~890 490 890 530~#880000~1~0~none~gge152~0#@$PL~850 530 850 550~#880000~1~0~none~gge153~0#@$PL~765 550 765 570~#880000~1~0~none~gge154~0#@$T~L~575~502~0~#880000~~8pt~~~~comment~TITLE:~1~start~gge155~0~pinpart#@$T~L~580~520~0~#0000FF~~10pt~~~~comment~New Schematic~1~start~frame_title_1~0~frame_title#@$T~L~896~516~0~#880000~~8pt~~~~comment~REV:~1~start~gge158~0~pinpart#@$T~L~927~517~0~#0000FF~~9pt~~~~comment~1.0~1~start~frame_version_1~0~frame_version#@$T~L~575~545~0~#880000~~8pt~~~~comment~Date:~1~start~gge161~0~pinpart#@$T~L~625~545~0~#0000FF~~9pt~~~~comment~2019-01-10~1~start~frame_date_1~0~frame_date#@$T~L~855~545~0~#880000~~8pt~~~~comment~Sheet:~1~start~gge164~0~pinpart#@$T~L~900~545~0~#0000FF~~9pt~~~~comment~1\/1~1~start~frame_sheet_1~0~frame_sheet#@$T~L~575~565~0~#880000~~8pt~~~~comment~EasyEDA V5.8.22~1~start~frame_product_1~0~frame_product#@$T~L~775~565~0~#880000~~8pt~~~~comment~Drawn By:~1~start~gge168~0~pinpart#@$T~L~840~565~0~#0000FF~~9pt~~~~comment~Little_Arc~1~start~frame_drawn_1~0~frame_drawn","LIB~160~280~package`MICRO-USB-1`BOM_Supplier`LCSC`BOM_Manufacturer`ValuePro`BOM_Manufacturer Part`micro USBFemale`image`\/\/image.lceda.cn\/szlcsc\/C10418.jpg`BOM_Supplier Part`C10418`spicePre`U`~~0~gge6d6dae296b8b38a5~cb64c470f535448eabc5daaeefefb40c~146e75363251e035203be60c60650418~0~~yes~yes~~~#@$T~N~125.32~300.45~270~#000080~Arial~~~~~comment~MicroUSB~1~start~gge243~0~#@$T~P~150~238.578125~0~#000080~Arial~~~~~comment~USB1~1~start~gge245~0~#@$R~125~240~~~50~80~#880000~1~0~#EFEFEF~gge247~0~#@$P~show~1~0~145~340~270~gge248~0^^145~340^^M 145 340 v -20~#880000^^1~148~315~270~MTN4~start~~~#0000FF^^0~144~325~270~0~end~~~#0000FF^^0~145~323^^0~M 148 320 L 145 317 L 142 320#@$P~show~1~0~135~340~270~gge255~0^^135~340^^M 135 340 v -20~#880000^^1~138~315~270~MTN3~start~~~#0000FF^^0~134~325~270~0~end~~~#0000FF^^0~135~323^^0~M 138 320 L 135 317 L 132 320#@$P~show~1~0~145~220~90~gge262~0^^145~220^^M 145 220 v 20~#880000^^1~148~245~270~MTN2~end~~~#0000FF^^0~144~235~270~0~start~~~#0000FF^^0~145~237^^0~M 142 240 L 145 243 L 148 240#@$P~show~1~0~135~220~90~gge269~0^^135~220^^M 135 220 v 20~#880000^^1~138~245~270~MTN1~end~~~#0000FF^^0~134~235~270~0~start~~~#0000FF^^0~135~237^^0~M 132 240 L 135 243 L 138 240#@$P~show~0~1~195~260~~gge276~0^^195~260^^M 195 260 h -20~#880000^^1~173~263~0~1~end~~~#0000FF^^1~180~259~0~1~start~~~#0000FF^^0~178~260^^0~M 175 257 L 172 260 L 175 263#@$P~show~0~2~195~270~~gge283~0^^195~270^^M 195 270 h -20~#880000^^1~173~273~0~2~end~~~#0000FF^^1~180~269~0~2~start~~~#0000FF^^0~178~270^^0~M 175 267 L 172 270 L 175 273#@$P~show~0~3~195~280~~gge290~0^^195~280^^M 195 280 h -20~#880000^^1~173~283~0~3~end~~~#0000FF^^1~180~279~0~3~start~~~#0000FF^^0~178~280^^0~M 175 277 L 172 280 L 175 283#@$P~show~0~4~195~290~~gge297~0^^195~290^^M 195 290 h -20~#880000^^1~173~293~0~4~end~~~#0000FF^^1~180~289~0~4~start~~~#0000FF^^0~178~290^^0~M 175 287 L 172 290 L 175 293#@$P~show~0~5~195~300~~gge304~0^^195~300^^M 195 300 h -20~#880000^^1~173~303~0~5~end~~~#0000FF^^1~180~299~0~5~start~~~#0000FF^^0~178~300^^0~M 175 297 L 172 300 L 175 303","LIB~675~275~package`SOT-23-6`BOM_Supplier`LCSC`BOM_Manufacturer`FORTUNE`BOM_Manufacturer Part`FS8205`BOM_LCSC Assembly`Yes`image`\/\/image.lceda.cn\/szlcsc\/C32254.jpg`BOM_Supplier Part`C32254`spicePre`Q`~~0~ggef76c01de5337d462~dd3e3e179cc44ea78b189ceb19c2e996~6445a8f57db8ac3e9df49b5167ee29ec~0~~yes~yes~~~#@$T~N~685~253.578125~0~#000080~Arial~~~~~comment~FS8205~1~start~gge646~0~#@$T~P~685~243.578125~0~#000080~Arial~~~~~comment~Q1~1~start~gge648~0~#@$PG~655 265 653 271 657 271~#880000~1~0~#FEFEFE~gge650~0#@$PG~657 285 652 282 652 288~#880000~1~0~#FEFEFE~gge651~0#@$PL~662 265 662 275 665 275 665 285 657 285~#880000~1~0~none~gge652~0#@$PL~655 265 655 275 645 275 645 285 652 285~#880000~1~0~none~gge653~0#@$PL~648 275 648 265~#880000~1~0~none~gge654~0#@$PL~664 263 646 263~#880000~1~0~none~gge655~0#@$PL~664 265 660 265~#880000~1~0~none~gge656~0#@$PL~653 265 657 265~#880000~1~0~none~gge657~0#@$PL~646 265 650 265~#880000~1~0~none~gge658~0#@$PL~655 255 655 263~#880000~1~0~none~gge659~0#@$PL~657 289 657 287 657 283 657 281~#880000~1~0~none~gge660~0#@$P~show~0~2~675~245~90~gge661~0^^675~245^^M 675 245 v 10~#880000^^0~678~258~270~D12~end~~~#0000FF^^0~674~254~270~2~start~~~#0000FF^^0~675~252^^0~M 672 255 L 675 258 L 678 255#@$P~show~0~6~655~245~90~gge668~0^^655~245^^M 655 245 v 10~#880000^^0~658~258~270~G1~end~~~#0000FF^^0~654~254~270~6~start~~~#0000FF^^0~655~252^^0~M 652 255 L 655 258 L 658 255#@$P~show~0~1~635~275~180~gge675~0^^635~275^^M 635 275 h 10~#880000^^0~648~278~0~S1~start~~~#0000FF^^0~644~274~0~1~end~~~#0000FF^^0~642~275^^0~M 645 278 L 648 275 L 645 272#@$PG~695 285 697 279 693 279~#880000~1~0~#FEFEFE~gge682~0#@$PG~693 265 698 268 698 262~#880000~1~0~#FEFEFE~gge683~0#@$PL~688 285 688 275 685 275 685 265 693 265~#880000~1~0~none~gge684~0#@$PL~695 285 695 275 705 275 705 265 698 265~#880000~1~0~none~gge685~0#@$PL~702 275 702 285~#880000~1~0~none~gge686~0#@$PL~686 287 704 287~#880000~1~0~none~gge687~0#@$PL~686 285 690 285~#880000~1~0~none~gge688~0#@$PL~697 285 693 285~#880000~1~0~none~gge689~0#@$PL~704 285 700 285~#880000~1~0~none~gge690~0#@$PL~695 295 695 287~#880000~1~0~none~gge691~0#@$PL~693 261 693 263 693 267 693 269~#880000~1~0~none~gge692~0#@$P~show~0~5~675~305~270~gge693~0^^675~305^^M 675 305 v -10~#880000^^0~678~292~270~D12~start~~~#0000FF^^0~674~296~270~5~end~~~#0000FF^^0~675~298^^0~M 678 295 L 675 292 L 672 295#@$P~show~0~4~695~305~270~gge700~0^^695~305^^M 695 305 v -10~#880000^^0~698~292~270~G2~start~~~#0000FF^^0~694~296~270~4~end~~~#0000FF^^0~695~298^^0~M 698 295 L 695 292 L 692 295#@$P~show~0~3~715~265~0~gge707~0^^715~265^^M 715 265 h -10~#880000^^0~702~268~0~S2~end~~~#0000FF^^0~706~264~0~3~start~~~#0000FF^^0~708~265^^0~M 705 262 L 702 265 L 705 268#@$PL~685 275 665 275~#880000~1~0~none~gge714~0#@$R~643~255~2~2~64~40~#880000~1~0~none~gge715~0~","LIB~670~195~package`SOT-23-6L`BOM_Supplier`LCSC`BOM_Manufacturer`PUOLOP`BOM_Manufacturer Part`DW01A`Contributor`LCSC`BOM_Supplier Part`C351410`spicePre`U`~~0~gge48f0ae2437312dae~b0ce17958d4448d39f6a19f4d7b435d1~baa515ab0f5a46baaabeeb7b3bf82f4c~0~~yes~yes~~~#@$T~N~664.03125~170~0~#000080~Arial~~~~~comment~DW01A~1~start~gge996~0~#@$T~P~664.0390625~161~0~#000080~Arial~~~~~comment~U2~1~start~gge998~0~#@$E~645~178~1.5~1.5~#880000~1~0~#880000~gge1000~0#@$R~640~173~2~2~60~44~#880000~1~0~none~gge1001~0~#@$E~645~178~1.5~1.5~#880000~1~0~#880000~gge1002~0#@$P~show~0~1~630~185~180~gge1003~0^^630~185^^M 630 185 h 10~#880000^^1~643.7~189~0~OD~start~~~#0000FF^^1~639.5~184~0~1~end~~~#0000FF^^0~637~185^^0~M 640 188 L 643 185 L 640 182#@$P~show~0~2~630~195~180~gge1010~0^^630~195^^M 630 195 h 10~#880000^^1~643.7~199~0~CS~start~~~#0000FF^^1~639.5~194~0~2~end~~~#0000FF^^0~637~195^^0~M 640 198 L 643 195 L 640 192#@$P~show~0~3~630~205~180~gge1017~0^^630~205^^M 630 205 h 10~#880000^^1~643.7~209~0~OC~start~~~#0000FF^^1~639.5~204~0~3~end~~~#0000FF^^0~637~205^^0~M 640 208 L 643 205 L 640 202#@$P~show~0~4~710~205~0~gge1024~0^^710~205^^M 710 205 h -10~#880000^^1~696.3~209~0~TD~end~~~#0000FF^^1~700.5~204~0~4~start~~~#0000FF^^0~703~205^^0~M 700 202 L 697 205 L 700 208#@$P~show~0~5~710~195~0~gge1031~0^^710~195^^M 710 195 h -10~#FF0000^^1~696.3~199~0~VCC~end~~~#FF0000^^1~700.5~194~0~5~start~~~#FF0000^^0~703~195^^0~M 700 192 L 697 195 L 700 198#@$P~show~0~6~710~185~0~gge1038~0^^710~185^^M 710 185 h -10~#000000^^1~696.3~189~0~GND~end~~~#000000^^1~700.5~184~0~6~start~~~#000000^^0~703~185^^0~M 700 182 L 697 185 L 700 188","LIB~220~210~package`LED-0603`BOM_Supplier`LCSC`BOM_Manufacturer`LITEON`BOM_Manufacturer Part`LTST-C193TGKT-5A`BOM_Supplier Part`C12065`spicePre`L`~90~0~gge7a65b453ee5a9ec2~2ada8f4ae55543e0922c8ee62e571dd5~58ae0d78bb9b3153e5315c542ed07dfb~0~~yes~yes~~~#@$T~N~225~234.5~0~#000080~Arial~~~~~comment~GREEN~1~start~gge1125~0~#@$T~P~225.0078125~224.5~0~#000080~Arial~~~~~comment~LED1~1~start~gge1127~0~#@$PT~M 212 195 L 214 199 L 216 197 Z ~#880000~1~0~#880000~gge1129~0~#@$PT~M 208 199 L 210 203 L 212 201 Z ~#880000~1~0~#880000~gge1130~0~#@$P~show~0~2~225~190~90~gge1131~0^^225~190^^M 225 190 v 15~#800^^0~225~209~270~K~end~~~#800^^0~221~201~270~2~start~~~#800^^0~225~202^^0~M 222 205 L 225 208 L 228 205#@$PL~219 202 212 195~#880000~1~0~none~gge1138~0#@$PL~215 206 208 199~#880000~1~0~none~gge1139~0#@$P~show~0~1~225~230~270~gge1140~0^^225~230^^M 225 230 v -15~#800^^0~225~211~270~A~start~~~#800^^0~221~219~270~1~end~~~#800^^0~225~218^^0~M 228 215 L 225 212 L 222 215#@$PL~217 205 233 205~#880000~1~0~none~gge1147~0#@$PT~M 231 215 L 225 205 L 218 215 Z ~#880000~1~0~#880000~gge1148~0~","LIB~265~210~package`LED-0603`BOM_Supplier`LCSC`BOM_Manufacturer`LITEON`BOM_Manufacturer Part`LTST-C191KRKT`Contributor`LCSC`BOM_Supplier Part`C125099`spicePre`L`~270~0~gge48c2d4982f4ec99a~2ada8f4ae55543e0922c8ee62e571dd5~412f0ebd8e6b4dec8dd2d90033991fc6~0~~yes~yes~~~#@$T~N~270~234.5~0~#000080~Arial~~~~~comment~RED~1~start~gge1204~0~#@$T~P~270~224.5~0~#000080~Arial~~~~~comment~LED2~1~start~gge1206~0~#@$PT~M 257 195 L 259 199 L 261 197 Z ~#880000~1~0~#880000~gge1208~0~#@$PT~M 253 199 L 255 203 L 257 201 Z ~#880000~1~0~#880000~gge1209~0~#@$P~show~0~2~270~190~90~gge1210~0^^270~190^^M 270 190 v 15~#800^^0~270~209~270~K~end~~~#800^^0~266~201~270~2~start~~~#800^^0~270~202^^0~M 267 205 L 270 208 L 273 205#@$PL~264 202 257 195~#880000~1~0~none~gge1217~0#@$PL~260 206 253 199~#880000~1~0~none~gge1218~0#@$P~show~0~1~270~230~270~gge1219~0^^270~230^^M 270 230 v -15~#800^^0~270~211~270~A~start~~~#800^^0~266~219~270~1~end~~~#800^^0~270~218^^0~M 273 215 L 270 212 L 267 215#@$PL~262 205 278 205~#880000~1~0~none~gge1226~0#@$PT~M 276 215 L 270 205 L 263 215 Z ~#880000~1~0~#880000~gge1227~0~","LIB~790~195~package`0603`BOM_Supplier`LCSC`BOM_Manufacturer`UniOhm`BOM_Manufacturer Part`0603WAJ0101T5E`nameAlias`Value`BOM_Supplier Part`C25201`spicePre`R`spiceSymbolName`0603WAJ0101T5E`~~0~gge9cdd622c9eeecfe7~a29ba53807cf43cab02f2f8a6393998d~b863c189b65d27c2430a0274caceb4fa~0~~yes~yes~~~#@$T~N~780~188.578125~0~#000080~Arial~~~~~comment~100\u03a9~1~start~gge1278~0~#@$T~P~784.0390625~178.859375~0~#000080~Arial~~~~~comment~R5~1~start~gge1280~0~#@$P~show~1~2~810~195~0~gge1282~0^^810~195^^M 810 195 h -10~#000000^^0~795~198~0~2~end~~~#000000^^0~805~194~0~2~start~~~#000000^^0~803~195^^0~M 800 192 L 797 195 L 800 198#@$P~show~1~1~770~195~180~gge1289~0^^770~195^^M 770 195 h 10~#000000^^0~785~198~0~1~start~~~#000000^^0~775~194~0~1~end~~~#000000^^0~777~195^^0~M 780 198 L 783 195 L 780 192#@$R~780~191~~~20~8~#880000~1~0~none~gge1296~0~","LIB~225~150~package`0603`BOM_Supplier`LCSC`BOM_Manufacturer`PANASONIC`BOM_Manufacturer Part`ERJ3GEYJ102V`nameAlias`Resistance (Ohms)`Contributor`LCSC`BOM_Supplier Part`C180848`spicePre`R`spiceSymbolName`ERJ3GEYJ102V`~90~0~gge353b166cc2dee846~a29ba53807cf43cab02f2f8a6393998d~de96b8f476ac4d9287e47fe6e8ed6032~0~~yes~yes~~~#@$T~N~231~162.25~0~#000080~Arial~~~~~comment~1K~1~start~gge1342~0~#@$T~P~231.0078125~153.25~0~#000080~Arial~~~~~comment~R1~1~start~gge1344~0~#@$R~221~140~~~8~20~#A00000~1~0~none~gge1346~0~#@$P~show~0~2~225~130~90~gge1347~0^^225~130^^M 225 140 v -10~#800^^0~225~144~270~2~end~~~#800^^0~221~136~270~2~start~~~#800^^0~225~117^^0~M 222 120 L 225 123 L 228 120#@$P~show~0~1~225~170~270~gge1354~0^^225~170^^M 225 160 v 10~#800^^0~225~156~270~1~start~~~#800^^0~221~164~270~1~end~~~#800^^0~225~183^^0~M 228 180 L 225 177 L 222 180","LIB~270~150~package`0603`BOM_Supplier`LCSC`BOM_Manufacturer`PANASONIC`BOM_Manufacturer Part`ERJ3GEYJ102V`nameAlias`Resistance (Ohms)`Contributor`LCSC`BOM_Supplier Part`C180848`spicePre`R`spiceSymbolName`ERJ3GEYJ102V`~270~0~gge6f63fc6711cfa315~a29ba53807cf43cab02f2f8a6393998d~de96b8f476ac4d9287e47fe6e8ed6032~0~~yes~yes~~~#@$T~N~276~162.25~0~#000080~Arial~~~~~comment~1K~1~start~gge1364~0~#@$T~P~276~153.25~0~#000080~Arial~~~~~comment~R2~1~start~gge1366~0~#@$R~266~140~~~8~20~#A00000~1~0~none~gge1368~0~#@$P~show~0~2~270~170~270~gge1369~0^^270~170^^M 270 160 v 10~#800^^0~270~156~270~2~start~~~#800^^0~266~164~270~2~end~~~#800^^0~270~183^^0~M 273 180 L 270 177 L 267 180#@$P~show~0~1~270~130~90~gge1376~0^^270~130^^M 270 140 v -10~#800^^0~270~144~270~1~end~~~#800^^0~266~136~270~1~start~~~#800^^0~270~117^^0~M 267 120 L 270 123 L 273 120","LIB~590~230~package`0603`BOM_Supplier`LCSC`BOM_Manufacturer`PANASONIC`BOM_Manufacturer Part`ERJ3GEYJ102V`nameAlias`Resistance (Ohms)`Contributor`LCSC`BOM_Supplier Part`C180848`spicePre`R`spiceSymbolName`ERJ3GEYJ102V`~90~0~ggefdc86a4b576d9e98~a29ba53807cf43cab02f2f8a6393998d~de96b8f476ac4d9287e47fe6e8ed6032~0~~yes~yes~~~#@$T~N~596~242.34375~0~#000080~Arial~~~~~comment~1K~1~start~gge1386~0~#@$T~P~596.0078125~233.23~0~#000080~Arial~~~~~comment~R4~1~start~gge1388~0~#@$R~586~220~~~8~20~#A00000~1~0~none~gge1390~0~#@$P~show~0~2~590~210~90~gge1391~0^^590~210^^M 590 220 v -10~#800^^0~590~224~270~2~end~~~#800^^0~586~216~270~2~start~~~#800^^0~590~197^^0~M 587 200 L 590 203 L 593 200#@$P~show~0~1~590~250~270~gge1398~0^^590~250^^M 590 240 v 10~#800^^0~590~236~270~1~start~~~#800^^0~586~244~270~1~end~~~#800^^0~590~263^^0~M 593 260 L 590 257 L 587 260","LIB~500~200~nameAlias`Value`package`0603`BOM_Supplier`LCSC`BOM_Manufacturer`YAGEO`BOM_Manufacturer Part`RC0603JR-071K2L`BOM_Supplier Part`C114679`spicePre`R`spiceSymbolName`RC0603JR-071K2L`~~0~ggefe89d0632cfce75f~a29ba53807cf43cab02f2f8a6393998d~6035cc9d9ee84e00b61fab2731187da1~0~~yes~yes~~~#@$T~N~490~224.578125~0~#000080~Arial~~~~~comment~1.2K\u03a9~1~start~gge1450~0~#@$T~P~495.0078125~213.578125~0~#000080~Arial~~~~~comment~R3~1~start~gge1452~0~#@$P~show~1~2~520~200~0~gge1454~0^^520~200^^M 520 200 h -10~#000000^^0~505~203~0~2~end~~~#000000^^0~515~199~0~2~start~~~#000000^^0~513~200^^0~M 510 197 L 507 200 L 510 203#@$P~show~1~1~480~200~180~gge1461~0^^480~200^^M 480 200 h 10~#000000^^0~495~203~0~1~start~~~#000000^^0~485~199~0~1~end~~~#000000^^0~487~200^^0~M 490 203 L 493 200 L 490 197#@$R~490~196~~~20~8~#880000~1~0~none~gge1468~0~","LIB~820~230~package`0603`BOM_Supplier`LCSC`BOM_Manufacturer`SAMSUNG`BOM_Manufacturer Part`CL10A106MP8NNNC`nameAlias`Capacitance`BOM_Supplier Part`C85713`spicePre`C`spiceSymbolName`CL10A106MP8NNNC`~90~0~ggeb4693cfd16d534cd~a29ba53807cf43cab02f2f8a6393998d~5731e1131f304450b457050d1cd350e8~0~~yes~yes~~~#@$T~N~830~238.578125~0~#000080~Arial~~~~~comment~10uF~1~start~gge1517~0~#@$T~P~830.0078125~228.59~0~#000080~Arial~~~~~comment~C1~1~start~gge1519~0~#@$PL~828 232 812 232~#A00000~1~0~none~gge1521~0#@$P~show~0~1~820~250~270~gge1522~0^^820~250^^M 820 240 v 10~#800^^0~820~236~270~1~start~~~#800^^0~816~244~270~1~end~~~#800^^0~820~263^^0~M 823 260 L 820 257 L 817 260#@$PL~820 220 820 228~#A00000~1~0~none~gge1529~0#@$PL~812 228 828 228~#A00000~1~0~none~gge1530~0#@$P~show~0~2~820~210~90~gge1531~0^^820~210^^M 820 220 v -10~#800^^0~820~224~270~2~end~~~#800^^0~816~216~270~2~start~~~#800^^0~820~197^^0~M 817 200 L 820 203 L 823 200#@$PL~820 232 820 240~#A00000~1~0~none~gge1538~0","LIB~750~185~package`0603`BOM_Supplier`LCSC`BOM_Manufacturer`WTC`BOM_Manufacturer Part`0603B104K250`nameAlias`Capacitance`BOM_Supplier Part`C83054`spicePre`C`spiceSymbolName`0603B104K250`~270~0~ggea2c5d49bc5dde298~a29ba53807cf43cab02f2f8a6393998d~cc02842d85cf4b0b856857ce646c5b78~0~~yes~yes~~~#@$T~N~740~197.25~0~#000080~Arial~~~~~comment~100nF~1~end~gge1590~0~#@$T~P~740~188.25~0~#000080~Arial~~~~~comment~C2~1~end~gge1592~0~#@$PL~742 183 758 183~#880000~1~0~none~gge1594~0#@$PL~742 187 758 187~#880000~1~0~none~gge1595~0#@$P~show~1~1~750~170~90~gge1596~0^^750~170^^M 750 170 v 10~#000000^^0~753~185~270~1~end~~~#000000^^0~749~175~270~1~start~~~#000000^^0~750~177^^0~M 747 180 L 750 183 L 753 180#@$P~show~1~2~750~200~270~gge1603~0^^750~200^^M 750 200 v -10~#000000^^0~753~185~270~2~start~~~#000000^^0~749~195~270~2~end~~~#000000^^0~750~193^^0~M 753 190 L 750 187 L 747 190#@$PL~750 180 750 183~#880000~1~0~none~gge1610~0#@$PL~750 187 750 190~#880000~1~0~none~gge1611~0","LIB~270~335~package`0603`BOM_Supplier`LCSC`BOM_Manufacturer`WTC`BOM_Manufacturer Part`0603B104K250`nameAlias`Capacitance`BOM_Supplier Part`C83054`spicePre`C`spiceSymbolName`0603B104K250`~90~0~ggecc82bf2c2e22e605~a29ba53807cf43cab02f2f8a6393998d~cc02842d85cf4b0b856857ce646c5b78~0~~yes~yes~~~#@$T~N~280~347.34375~0~#000080~Arial~~~~~comment~100nF~1~start~gge1615~0~#@$T~P~280.0078125~338.23~0~#000080~Arial~~~~~comment~C3~1~start~gge1617~0~#@$PL~262 337 278 337~#880000~1~0~none~gge1619~0#@$PL~262 333 278 333~#880000~1~0~none~gge1620~0#@$P~show~1~1~270~350~270~gge1621~0^^270~350^^M 270 350 v -10~#000000^^0~273~335~270~1~start~~~#000000^^0~269~345~270~1~end~~~#000000^^0~270~343^^0~M 273 340 L 270 337 L 267 340#@$P~show~1~2~270~320~90~gge1628~0^^270~320^^M 270 320 v 10~#000000^^0~273~335~270~2~end~~~#000000^^0~269~325~270~2~start~~~#000000^^0~270~327^^0~M 267 330 L 270 333 L 273 330#@$PL~270 340 270 337~#880000~1~0~none~gge1635~0#@$PL~270 333 270 330~#880000~1~0~none~gge1636~0","LIB~845~150~package`HDR-1X1\/2.54`BOM_Supplier Part`C81276`BOM_Supplier`LCSC`BOM_Manufacturer`ReliaPro`BOM_Manufacturer Part`Header-Male-2.54_1x1`spicePre`P`~~0~ggec5bb8ec91366d0cf~00ce14e502d271fec74fd74dca50c72e~050210eb44fb24b0f1f7d73e6372031b~0~~yes~yes~~~#@$T~N~838.296875~142~0~#000080~Arial~~~~~comment~Header-Male-2.54_1x1~0~start~gge1694~0~#@$T~P~845~143.578125~0~#000080~Arial~~~~~comment~OUT+~1~start~gge1696~0~#@$R~840~145~2~2~20~10~#880000~1~0~none~gge1698~0~#@$P~show~1~1~830~150~180~gge1699~0^^830~150^^M 830 150 h 10~#000000^^1~845~153~0~1~start~~~#000000^^0~840~149~0~1~end~~~#000000^^0~837~150^^0~M 840 153 L 843 150 L 840 147","LIB~845~310~package`HDR-1X1\/2.54`BOM_Supplier Part`C81276`BOM_Supplier`LCSC`BOM_Manufacturer`ReliaPro`BOM_Manufacturer Part`Header-Male-2.54_1x1`spicePre`P`~~0~gge90323728f83c11ec~00ce14e502d271fec74fd74dca50c72e~050210eb44fb24b0f1f7d73e6372031b~0~~yes~yes~~~#@$T~N~838.296875~302~0~#000080~Arial~~~~~comment~Header-Male-2.54_1x1~0~start~gge1709~0~#@$T~P~845~303.578125~0~#000080~Arial~~~~~comment~OUT-~1~start~gge1711~0~#@$R~840~305~2~2~20~10~#880000~1~0~none~gge1713~0~#@$P~show~1~1~830~310~180~gge1714~0^^830~310^^M 830 310 h 10~#000000^^1~845~313~0~1~start~~~#000000^^0~840~309~0~1~end~~~#000000^^0~837~310^^0~M 840 313 L 843 310 L 840 307","LIB~845~195~package`HDR-1X1\/2.54`BOM_Supplier Part`C81276`BOM_Supplier`LCSC`BOM_Manufacturer`ReliaPro`BOM_Manufacturer Part`Header-Male-2.54_1x1`spicePre`P`~~0~gge9760758e71c28554~00ce14e502d271fec74fd74dca50c72e~050210eb44fb24b0f1f7d73e6372031b~0~~yes~yes~~~#@$T~N~838.296875~187~0~#000080~Arial~~~~~comment~Header-Male-2.54_1x1~0~start~gge1724~0~#@$T~P~845~188.578125~0~#000080~Arial~~~~~comment~B+~1~start~gge1726~0~#@$R~840~190~2~2~20~10~#880000~1~0~none~gge1728~0~#@$P~show~1~1~830~195~180~gge1729~0^^830~195^^M 830 195 h 10~#000000^^1~845~198~0~1~start~~~#000000^^0~840~194~0~1~end~~~#000000^^0~837~195^^0~M 840 198 L 843 195 L 840 192","LIB~845~265~package`HDR-1X1\/2.54`BOM_Supplier Part`C81276`BOM_Supplier`LCSC`BOM_Manufacturer`ReliaPro`BOM_Manufacturer Part`Header-Male-2.54_1x1`spicePre`P`~~0~gge602c88cf7320df81~00ce14e502d271fec74fd74dca50c72e~050210eb44fb24b0f1f7d73e6372031b~0~~yes~yes~~~#@$T~N~838.296875~257~0~#000080~Arial~~~~~comment~Header-Male-2.54_1x1~0~start~gge1739~0~#@$T~P~845~258.578125~0~#000080~Arial~~~~~comment~B-~1~start~gge1741~0~#@$R~840~260~2~2~20~10~#880000~1~0~none~gge1743~0~#@$P~show~1~1~830~265~180~gge1744~0^^830~265^^M 830 265 h 10~#000000^^1~845~268~0~1~start~~~#000000^^0~840~264~0~1~end~~~#000000^^0~837~265^^0~M 840 268 L 843 265 L 840 262","W~65 300 65 375 155 375 195 375 195 395~#008800~1~0~none~gge1766~0","W~195 300 195 375~#008800~1~0~none~gge1767~0","F~part_netLabel_gnD~195~395~0~gge1769~~0^^195~395^^GND~#000000~182~421~0~start~0~Times New Roman~9pt~flag_gge7^^PL~195 405 195 395~#000000~1~0~transparent~gge1772~0^^PL~186 405 204 405~#000000~1~0~transparent~gge1773~0^^PL~189 407 201 407~#000000~1~0~transparent~gge1774~0^^PL~192 409 198 409~#000000~1~0~transparent~gge1775~0^^PL~194 411 196 411~#000000~1~0~transparent~gge1776~0","F~part_netLabel_gnD~270~395~0~gge1790~~0^^270~395^^GND~#000000~257~421~0~start~0~Times New Roman~9pt~flag_gge10^^PL~270 405 270 395~#000000~1~0~transparent~gge1793~0^^PL~261 405 279 405~#000000~1~0~transparent~gge1794~0^^PL~264 407 276 407~#000000~1~0~transparent~gge1795~0^^PL~267 409 273 409~#000000~1~0~transparent~gge1796~0^^PL~269 411 271 411~#000000~1~0~transparent~gge1797~0","W~270 395 270 350~#008800~1~0~none~gge1808~0","W~270 320 270 260~#008800~1~0~none~gge1809~0","W~225 170 225 190~#008800~1~0~none~gge1825~0","W~225 230 225 260~#008800~1~0~none~gge1826~0","W~270 170 270 190~#008800~1~0~none~gge1829~0","W~270 230 270 260~#008800~1~0~none~gge1830~0","W~270 130 270 115 300 115 300 230 310 230~#008800~1~0~none~gge1831~0","W~225 130 225 105 310 105 310 200~#008800~1~0~none~gge1832~0","W~310 290 295 290 295 260~#008800~1~0~none~gge1833~0","W~370 150 370 135 495 135 495 150~#008800~1~0~none~gge1835~0","W~430 230 455 230 455 135~#008800~1~0~none~gge1836~0","F~part_netLabel_gnD~495~150~0~gge1838~~0^^495~150^^GND~#000000~482~176~0~start~0~Times New Roman~9pt~flag_gge13^^PL~495 160 495 150~#000000~1~0~transparent~gge1841~0^^PL~486 160 504 160~#000000~1~0~transparent~gge1842~0^^PL~489 162 501 162~#000000~1~0~transparent~gge1843~0^^PL~492 164 498 164~#000000~1~0~transparent~gge1844~0^^PL~494 166 496 166~#000000~1~0~transparent~gge1845~0","W~430 200 480 200~#008800~1~0~none~gge1857~0","W~520 200 545 200 545 240~#008800~1~0~none~gge1858~0","F~part_netLabel_gnD~545~240~0~gge1859~~0^^545~240^^GND~#000000~532~266~0~start~0~Times New Roman~9pt~flag_gge16^^PL~545 250 545 240~#000000~1~0~transparent~gge1862~0^^PL~536 250 554 250~#000000~1~0~transparent~gge1863~0^^PL~539 252 551 252~#000000~1~0~transparent~gge1864~0^^PL~542 254 548 254~#000000~1~0~transparent~gge1865~0^^PL~544 256 546 256~#000000~1~0~transparent~gge1866~0","W~430 290 560 290 560 150 830 150~#008800~1~0~none~gge1875~0","W~635 275 590 275~#008800~1~0~none~gge1877~0","F~part_netLabel_gnD~590~395~0~gge1879~~0^^590~395^^GND~#000000~577~421~0~start~0~Times New Roman~9pt~flag_gge19^^PL~590 405 590 395~#000000~1~0~transparent~gge1882~0^^PL~581 405 599 405~#000000~1~0~transparent~gge1883~0^^PL~584 407 596 407~#000000~1~0~transparent~gge1884~0^^PL~587 409 593 409~#000000~1~0~transparent~gge1885~0^^PL~589 411 591 411~#000000~1~0~transparent~gge1886~0","W~630 195 590 195 590 210~#008800~1~0~none~gge1897~0","W~590 250 590 395~#008800~1~0~none~gge1898~0","W~630 205 630 245 655 245~#008800~1~0~none~gge1899~0","W~695 305 695 310 580 310 580 185 630 185~#008800~1~0~none~gge1900~0","W~715 265 755 265 830 265~#008800~1~0~none~gge1929~0","W~830 310 775 310 775 395~#008800~1~0~none~gge1931~0","F~part_netLabel_gnD~775~395~0~gge1932~~0^^775~395^^GND~#000000~762~421~0~start~0~Times New Roman~9pt~flag_gge22^^PL~775 405 775 395~#000000~1~0~transparent~gge1935~0^^PL~766 405 784 405~#000000~1~0~transparent~gge1936~0^^PL~769 407 781 407~#000000~1~0~transparent~gge1937~0^^PL~772 409 778 409~#000000~1~0~transparent~gge1938~0^^PL~774 411 776 411~#000000~1~0~transparent~gge1939~0","W~810 195 830 195~#008800~1~0~none~gge1958~0","W~820 210 820 195~#008800~1~0~none~gge1968~0","W~820 150 820 195~#008800~1~0~none~gge1970~0","W~820 250 820 310~#008800~1~0~none~gge1998~0","W~770 195 770 170 750 170 730 170 730 195 710 195~#008800~1~0~none~gge2025~0","W~750 265 750 200 725 200 725 185 710 185~#008800~1~0~none~gge2026~0","LIB~65~280~package`HDR1X2`nameAlias`Value`BOM_Supplier Part``BOM_Supplier``spiceSymbolName`VDC`Contributor`EasyEDA`sim`true`AC_Amplitude``AC_Phase``spicePre`V`BOM_Manufacturer Part``~~0~gge51f366ad8ce3df0e~05ca98c924be4d7f9936cfbc00888d3a~13fbe66358ac415f8f844f8a7a60755f~0~~yes~yes~~1575022563~#@$T~N~77~292.36~0~#000080~Arial~~~~~comment~5~1~start~gge2036~0~#@$T~P~77.71~283.21~0~#000080~Arial~~~~~comment~V1~1~start~gge2042~0~#@$E~65~280~10~10~#880000~1~0~none~gge2048~0#@$P~show~0~1~65~260~90~gge2051~0^^65~260^^M 65 270 v -10~#800^^0~65~272~270~1~end~~~#800^^0~61~266~270~1~start~~~#800^^0~65~247^^0~M 62 250 L 65 253 L 68 250#@$PL~63 274 67 274~#880000~1~0~none~gge2072~0#@$PL~65 272 65 276~#880000~1~0~none~gge2075~0#@$P~show~0~2~65~300~270~gge2078~0^^65~300^^M 65 290 v 10~#800^^0~65~286~270~2~start~~~#800^^0~61~294~270~2~end~~~#800^^0~65~313^^0~M 68 310 L 65 307 L 62 310#@$PL~67 286 63 286~#880000~1~0~none~gge2099~0","W~65 260 65 185 155 185 195 185 195 260 310 260~#008800~1~0~none~gge2178~0","T~L~55~469.57~0~#000000~~36pt~~italic~~spice~.tran 10m~1~start~gge2184~0~pinpart","LIB~370~230~package`ESOP-8_L4.9-W3.9-P1.27-LS6.0-BL-EP`Contributor`Guest`BOM_Supplier`LCSC`BOM_Manufacturer`TOPPOWER`BOM_Manufacturer Part`TP4056`BOM_LCSC Assembly`Yes`image`\/\/image.lceda.cn\/szlcsc\/C16581.jpg`BOM_Supplier Part`C16581`spicePre`U`BOM_JLCPCB Part Class`Basic Part`spiceSymbolName`TP4056`~180~0~gge1bdc0ab44f99f92d~7568fee05bc44581b2c32625ae15b3f8~f5fb5a24e9edc515352eb800d4f925df~0~~yes~yes~57b3f64e896c4b5491f068b46d187884~1641818813~82d0ca169cff4543b6c494afac0ab12b#@$T~N~396.703125~327.703125~0~#000080~Arial~~~~~comment~TP4056~1~end~gge447~0~#@$T~P~376.94~319.01~0~#000080~Arial~~~~~comment~U1~1~end~gge449~0~#@$R~330~170~2~2~80~140~#000000~1~0~none~gge5~0~#@$P~show~0~5~310~290~180~gge20~0^^310~290^^M 310 290 h 20~#880000^^1~332~293~0~BAT~start~~~#0000FF^^1~325~289~0~5~end~~~#0000FF^^0~327~290^^0~M 330 293 L 333 290 L 330 287#@$P~show~0~1~310~230~180~gge27~0^^310~230^^M 310 230 h 20~#880000^^1~332~233~0~TEMP~start~~~#0000FF^^1~325~229~0~1~end~~~#0000FF^^0~327~230^^0~M 330 233 L 333 230 L 330 227#@$P~show~0~2~310~200~180~gge34~0^^310~200^^M 310 200 h 20~#880000^^1~332~203~0~PROG~start~~~#0000FF^^1~325~199~0~2~end~~~#0000FF^^0~327~200^^0~M 330 203 L 333 200 L 330 197#@$P~show~0~3~370~150~90~gge41~0^^370~150^^M 370 150 v 20~#880000^^1~373~172~270~GND~end~~~#0000FF^^1~369~165~270~3~start~~~#0000FF^^0~370~167^^0~M 367 170 L 370 173 L 373 170#@$P~show~0~4~430~290~0~gge48~0^^430~290^^M 430 290 h -20~#880000^^1~408~293~0~VCC~end~~~#0000FF^^1~415~289~0~4~start~~~#0000FF^^0~413~290^^0~M 410 287 L 407 290 L 410 293#@$P~show~0~8~430~260~0~gge55~0^^430~260^^M 430 260 h -20~#880000^^1~408~263~0~CE~end~~~#0000FF^^1~415~259~0~8~start~~~#0000FF^^0~413~260^^0~M 410 257 L 407 260 L 410 263#@$P~show~0~7~430~230~0~gge62~0^^430~230^^M 430 230 h -20~#880000^^1~408~233~0~CHRG#~end~~~#0000FF^^1~415~229~0~7~start~~~#0000FF^^0~413~230^^0~M 410 227 L 407 230 L 410 233#@$P~show~0~6~430~200~0~gge69~0^^430~200^^M 430 200 h -20~#880000^^1~408~203~0~STDBY#~end~~~#0000FF^^1~415~199~0~6~start~~~#0000FF^^0~413~200^^0~M 410 197 L 407 200 L 410 203#@$P~show~0~9~310~255~180~gge72~0^^310~255^^M 310 255 h 20~#880000^^1~332~258~0~EP~start~~~#0000FF^^1~325~254~0~9~end~~~#0000FF^^0~327~255^^0~M 330 258 L 333 255 L 330 252","J~820~310~2.5~#CC0000~gge1999~0","J~820~195~2.5~#CC0000~gge1969~0","J~455~135~2.5~#CC0000~gge1837~0","J~295~260~2.5~#CC0000~gge1834~0","J~195~260~2.5~#CC0000~gge1821~0","J~195~375~2.5~#CC0000~gge1768~0","J~225~260~2.5~#CC0000~gge1819~0","J~270~260~2.5~#CC0000~gge1818~0","J~590~275~2.5~#CC0000~gge1878~0","J~820~150~2.5~#CC0000~gge1971~0","J~750~170~2.5~#CC0000~gge2029~0","J~750~265~2.5~#CC0000~gge2031~0","J~750~200~2.5~#CC0000~gge2032~0"],"BBox":{"x":0,"y":0,"width":980,"height":580.8},"colors":[]}}],"docType":5,"title":"nm_1234","name":"nm_1234"}